id,title,release_date,release_year,runtime,budget,revenue,vote_average,vote_count,popularity,genres,profit,roi,primary_genre,era
99861,Avengers: Age of Ultron,2015-04-22,2015,141,235000000,1405403694,7.271,23910,22.1651,"['Action', 'Adventure', 'Science Fiction']",1170403694,4.98044125106383,Action,pre_covid
76341,Mad Max: Fury Road,2015-05-13,2015,121,150000000,378858340,7.628,23572,20.0886,"['Action', 'Adventure', 'Science Fiction']",228858340,1.5257222666666668,Action,pre_covid
216015,Fifty Shades of Grey,2015-02-11,2015,125,40000000,569651467,5.877,12187,18.3064,"['Drama', 'Romance', 'Thriller']",529651467,13.241286675,Drama,pre_covid
150540,Inside Out,2015-06-17,2015,95,175000000,857611174,7.91,22982,15.0899,"['Animation', 'Family', 'Adventure', 'Drama', 'Comedy']",682611174,3.90063528,Animation,pre_covid
206647,Spectre,2015-10-26,2015,148,245000000,880707597,6.565,10950,14.5127,"['Action', 'Adventure', 'Thriller']",635707597,2.5947248857142857,Action,pre_covid
214756,Ted 2,2015-06-25,2015,115,68000000,215863606,6.315,7813,13.3353,"['Comedy', 'Fantasy']",147863606,2.174464794117647,Comedy,pre_covid
166424,Fantastic Four,2015-08-05,2015,100,120000000,167977596,4.435,6283,13.1955,"['Action', 'Adventure', 'Science Fiction']",47977596,0.3998133,Action,pre_covid
287903,Krampus,2015-11-26,2015,98,15000000,61800000,6.192,2315,12.7775,"['Horror', 'Comedy', 'Fantasy']",46800000,3.12,Horror,pre_covid
150689,Cinderella,2015-03-06,2015,105,95000000,543514353,6.825,7267,12.4947,"['Romance', 'Fantasy', 'Family', 'Drama']",448514353,4.721203715789474,Romance,pre_covid
102899,Ant-Man,2015-07-14,2015,117,130000000,519311965,7.066,20466,12.3115,"['Science Fiction', 'Action', 'Adventure']",389311965,2.9947074230769233,Science Fiction,pre_covid
257344,Pixels,2015-07-16,2015,106,88000000,244874809,5.763,7848,11.4118,"['Action', 'Comedy', 'Science Fiction', 'Fantasy']",156874809,1.7826682840909092,Action,pre_covid
286217,The Martian,2015-09-30,2015,141,108000000,631058917,7.691,20647,10.8819,"['Drama', 'Adventure', 'Science Fiction']",523058917,4.84313812037037,Drama,pre_covid
140607,Star Wars: The Force Awakens,2015-12-15,2015,136,245000000,2068223624,7.255,20122,10.7899,"['Adventure', 'Action', 'Science Fiction']",1823223624,7.44172907755102,Adventure,pre_covid
307081,Southpaw,2015-03-24,2015,123,30000000,91709827,7.364,5672,10.6205,"['Action', 'Drama']",61709827,2.0569942333333335,Action,pre_covid
271674,Suite Fran√ßaise,2015-03-12,2015,103,15000000,9104716,7.2,1129,10.3867,"['Drama', 'Romance', 'War']",-5895284,-0.3930189333333333,Drama,pre_covid
264660,Ex Machina,2015-01-21,2015,108,15000000,36869414,7.572,13878,10.2688,"['Drama', 'Science Fiction']",21869414,1.4579609333333334,Drama,pre_covid
228165,The SpongeBob Movie: Sponge Out of Water,2015-01-28,2015,93,74000000,325186032,6.09,2459,9.9961,"['Family', 'Comedy', 'Adventure', 'Animation', 'Fantasy']",251186032,3.3944058378378377,Family,pre_covid
293644,Top Cat Begins,2015-10-30,2015,89,8000000,4668442,6.7,149,9.9959,"['Comedy', 'Animation', 'Family']",-3331558,-0.41644475,Comedy,pre_covid
131634,The Hunger Games: Mockingjay - Part 2,2015-11-18,2015,137,160000000,653428261,6.9,13059,9.6365,"['Action', 'Adventure', 'Science Fiction']",493428261,3.08392663125,Action,pre_covid
168259,Furious 7,2015-04-01,2015,139,190000000,1515400000,7.222,11046,9.4568,"['Action', 'Crime', 'Thriller']",1325400000,6.975789473684211,Action,pre_covid
135397,Jurassic World,2015-06-06,2015,124,150000000,1671537444,6.699,21146,9.2741,"['Action', 'Adventure', 'Science Fiction', 'Thriller']",1521537444,10.14358296,Action,pre_covid
300693,Truth,2015-10-16,2015,125,9600000,5383097,6.5,514,9.1866,['Drama'],-4216903,-0.43926072916666664,Drama,pre_covid
207703,Kingsman: The Secret Service,2015-01-24,2015,129,81000000,414351546,7.621,17431,8.8813,"['Crime', 'Comedy', 'Action', 'Adventure']",333351546,4.115451185185186,Crime,pre_covid
294254,Maze Runner: The Scorch Trials,2015-09-09,2015,131,61000000,312296056,6.734,10786,8.8071,"['Science Fiction', 'Action', 'Thriller', 'Adventure']",251296056,4.119607475409836,Science Fiction,pre_covid
273248,The Hateful Eight,2015-12-25,2015,188,44000000,155760117,7.755,14855,8.778,"['Drama', 'Mystery', 'Western']",111760117,2.5400026590909093,Drama,pre_covid
273481,Sicario,2015-09-17,2015,122,30000000,84997446,7.414,9222,8.7152,"['Action', 'Crime', 'Thriller']",54997446,1.8332482,Action,pre_covid
281957,The Revenant,2015-12-25,2015,157,135000000,532950503,7.539,18837,8.262,"['Western', 'Drama', 'Adventure']",397950503,2.9477815037037036,Western,pre_covid
262500,Insurgent,2015-03-18,2015,119,110000000,297002527,6.365,10264,8.162,"['Action', 'Science Fiction', 'Thriller']",187002527,1.7000229727272727,Action,pre_covid
254320,The Lobster,2015-10-15,2015,119,4000000,15700000,7.034,6647,8.1528,"['Comedy', 'Drama', 'Romance']",11700000,2.925,Comedy,pre_covid
87101,Terminator Genisys,2015-06-23,2015,126,155000000,440603537,5.947,8754,8.1343,"['Science Fiction', 'Action', 'Thriller', 'Adventure']",285603537,1.842603464516129,Science Fiction,pre_covid
243688,Poltergeist,2015-05-20,2015,93,35000000,95682614,5.2,2351,8.1286,['Horror'],60682614,1.7337889714285715,Horror,pre_covid
203801,The Man from U.N.C.L.E.,2015-08-13,2015,116,75000000,110045109,7.082,6654,8.0384,"['Comedy', 'Action', 'Adventure']",35045109,0.46726812,Comedy,pre_covid
287948,The Transporter Refueled,2015-09-02,2015,95,25000000,72629670,5.516,1555,7.9835,"['Action', 'Thriller', 'Crime']",47629670,1.9051868,Action,pre_covid
296098,Bridge of Spies,2015-10-15,2015,141,40000000,165478348,7.236,7106,7.9674,"['Thriller', 'Drama']",125478348,3.1369587,Thriller,pre_covid
273477,Scouts Guide to the Zombie Apocalypse,2015-10-23,2015,93,15000000,14900000,6.558,2048,7.9494,"['Comedy', 'Horror']",-100000,-0.006666666666666667,Comedy,pre_covid
257445,Goosebumps,2015-08-05,2015,103,58000000,158261424,6.311,3910,7.9201,"['Adventure', 'Horror', 'Comedy']",100261424,1.7286452413793103,Adventure,pre_covid
348892,Bajrangi Bhaijaan,2015-07-17,2015,159,13000000,150000000,7.794,519,7.8577,"['Comedy', 'Drama', 'Action']",137000000,10.538461538461538,Comedy,pre_covid
266294,Sisters,2015-12-18,2015,118,30000000,105000000,5.967,1430,7.767,['Comedy'],75000000,2.5,Comedy,pre_covid
293863,The Age of Adaline,2015-04-16,2015,112,25000000,65663276,7.477,6953,7.6754,"['Romance', 'Fantasy', 'Drama']",40663276,1.62653104,Romance,pre_covid
238713,Spy,2015-05-06,2015,120,65000000,235666219,6.835,6248,7.6163,"['Action', 'Comedy', 'Crime']",170666219,2.6256341384615385,Action,pre_covid
258509,Alvin and the Chipmunks: The Road Chip,2015-12-17,2015,92,90000000,233755553,6.024,1723,7.5571,"['Family', 'Comedy', 'Music', 'Adventure', 'Animation']",143755553,1.5972839222222222,Family,pre_covid
263472,Knock Knock,2015-06-26,2015,99,10000000,6341684,5.388,3390,7.525,"['Horror', 'Thriller']",-3658316,-0.3658316,Horror,pre_covid
157544,The Vatican Tapes,2015-07-23,2015,91,13000000,1784763,5.361,803,7.4869,"['Thriller', 'Horror']",-11215237,-0.8627105384615384,Thriller,pre_covid
274479,Joy,2015-12-24,2015,124,60000000,101134059,6.55,4212,7.4052,"['Drama', 'Comedy']",41134059,0.68556765,Drama,pre_covid
270303,It Follows,2015-02-04,2015,101,2300000,23374076,6.588,6722,7.3606,"['Horror', 'Mystery']",21074076,9.162641739130434,Horror,pre_covid
339669,Blinky Bill the Movie,2015-08-21,2015,93,12800000,4634032,5.607,42,7.3545,"['Family', 'Animation', 'Adventure']",-8165968,-0.63796625,Family,pre_covid
159824,Hotel Transylvania 2,2015-09-21,2015,89,80000000,473200000,6.8,5983,7.3287,"['Animation', 'Comedy', 'Family', 'Fantasy']",393200000,4.915,Animation,pre_covid
330764,The Brand New Testament,2015-09-02,2015,114,8700000,15709652,6.639,1721,7.1287,"['Comedy', 'Fantasy']",7009652,0.8057071264367817,Comedy,pre_covid
318846,The Big Short,2015-12-11,2015,131,28000000,133346506,7.358,9534,7.0873,"['Comedy', 'Drama']",105346506,3.762375214285714,Comedy,pre_covid
257211,The Intern,2015-09-23,2015,121,35000000,194564672,7.227,7093,7.0858,['Comedy'],159564672,4.558990628571428,Comedy,pre_covid
370964,I Am Dragon,2015-12-03,2015,110,18000000,10495305,7.214,400,7.0579,"['Fantasy', 'Romance']",-7504695,-0.4169275,Fantasy,pre_covid
312221,Creed,2015-11-25,2015,133,37000000,173600000,7.407,7762,7.0027,"['Drama', 'Action']",136600000,3.691891891891892,Drama,pre_covid
302429,Strange Magic,2015-01-23,2015,99,100000000,13603453,7.177,535,6.9968,"['Music', 'Animation', 'Family', 'Fantasy']",-86396547,-0.86396547,Music,pre_covid
238615,Self/less,2015-07-10,2015,117,26000000,31807156,6.412,3221,6.8985,"['Science Fiction', 'Action', 'Thriller']",5807156,0.22335215384615384,Science Fiction,pre_covid
198184,Chappie,2015-03-04,2015,120,49000000,104399548,6.786,8260,6.8573,"['Crime', 'Action', 'Science Fiction']",55399548,1.1306030204081632,Crime,pre_covid
326215,Ooops! Noah Is Gone...,2015-03-26,2015,85,6000000,22783699,6.421,330,6.8208,"['Animation', 'Adventure', 'Comedy', 'Family']",16783699,2.797283166666667,Animation,pre_covid
274167,Daddy's Home,2015-12-25,2015,96,50000000,242786137,6.294,3337,6.7766,['Comedy'],192786137,3.85572274,Comedy,pre_covid
331588,The Great Gilly Hopkins,2015-10-05,2015,99,5000000,97798,6.574,243,6.7238,"['Comedy', 'Drama', 'Family']",-4902202,-0.9804404,Comedy,pre_covid
254128,San Andreas,2015-05-27,2015,114,110000000,473990832,6.244,8838,6.6026,"['Action', 'Drama', 'Thriller']",363990832,3.3090075636363636,Action,pre_covid
250124,The Diary of a Teenage Girl,2015-08-07,2015,102,2000000,1477002,6.577,770,6.588,"['Drama', 'Romance', 'Comedy']",-522998,-0.261499,Drama,pre_covid
269149,Zootopia,2016-02-11,2016,109,150000000,1025521689,7.757,17303,86.3941,"['Animation', 'Adventure', 'Family', 'Comedy']",875521689,5.83681126,Animation,pre_covid
291805,Now You See Me 2,2016-06-02,2016,129,120000000,334897606,6.827,11232,23.4582,"['Thriller', 'Crime']",214897606,1.7908133833333333,Thriller,pre_covid
259316,Fantastic Beasts and Where to Find Them,2016-11-16,2016,133,180000000,809342332,7.311,19370,18.2641,"['Fantasy', 'Adventure']",629342332,3.4963462888888888,Fantasy,pre_covid
313369,La La Land,2016-12-01,2016,129,30000000,509183536,7.898,17667,17.9645,"['Comedy', 'Drama', 'Romance']",479183536,15.972784533333334,Comedy,pre_covid
329865,Arrival,2016-11-10,2016,116,47000000,203388186,7.623,18784,17.2467,"['Drama', 'Science Fiction', 'Mystery']",156388186,3.3274082127659574,Drama,pre_covid
290098,The Handmaiden,2016-06-01,2016,145,8575000,38600000,8.195,4109,16.5541,"['Thriller', 'Drama', 'Romance']",30025000,3.501457725947522,Thriller,pre_covid
293660,Deadpool,2016-02-09,2016,108,58000000,782837347,7.623,32138,16.1495,"['Action', 'Adventure', 'Comedy']",724837347,12.497195637931034,Action,pre_covid
209112,Batman v Superman: Dawn of Justice,2016-03-23,2016,152,250000000,874362803,5.988,18630,15.5593,"['Action', 'Adventure', 'Fantasy']",624362803,2.497451212,Action,pre_covid
296096,Me Before You,2016-06-01,2016,110,20000000,207945075,7.924,12916,13.4321,"['Drama', 'Romance']",187945075,9.39725375,Drama,pre_covid
396535,Train to Busan,2016-07-20,2016,118,8500000,87547518,7.747,8073,13.1549,"['Horror', 'Thriller', 'Action', 'Adventure']",79047518,9.299708,Horror,pre_covid
271110,Captain America: Civil War,2016-04-27,2016,147,250000000,1155046416,7.447,23569,12.3909,"['Adventure', 'Action', 'Science Fiction']",905046416,3.620185664,Adventure,pre_covid
324786,Hacksaw Ridge,2016-10-07,2016,139,40000000,175302354,8.192,14464,11.908,"['Drama', 'History', 'War']",135302354,3.38255885,Drama,pre_covid
313297,Kubo and the Two Strings,2016-08-18,2016,102,60000000,76249438,7.631,3720,11.6462,"['Animation', 'Adventure', 'Family']",16249438,0.2708239666666667,Animation,pre_covid
278927,The Jungle Book,2016-04-07,2016,106,175000000,966550600,6.867,8338,10.9876,"['Family', 'Adventure', 'Fantasy']",791550600,4.523146285714286,Family,pre_covid
297761,Suicide Squad,2016-08-03,2016,122,175000000,749200054,5.919,21751,10.5047,"['Action', 'Adventure', 'Fantasy']",574200054,3.2811431657142855,Action,pre_covid
397243,The Autopsy of Jane Doe,2016-12-21,2016,86,4000000,6170043,6.826,4560,9.723,"['Horror', 'Mystery']",2170043,0.54251075,Horror,pre_covid
392572,Rustom,2016-08-12,2016,148,6114349,26309214,6.7,129,9.2853,"['Thriller', 'Drama', 'Crime']",20194865,3.302864295119562,Thriller,pre_covid
332210,Storks,2016-09-22,2016,87,70000000,182379278,6.671,2451,9.2088,"['Adventure', 'Animation', 'Comedy', 'Family']",112379278,1.6054182571428572,Adventure,pre_covid
284052,Doctor Strange,2016-10-25,2016,115,180000000,676343174,7.418,22967,9.1266,"['Fantasy', 'Adventure', 'Action']",496343174,2.757462077777778,Fantasy,pre_covid
246655,X-Men: Apocalypse,2016-05-18,2016,144,178000000,543934787,6.518,13477,9.0622,"['Action', 'Adventure', 'Science Fiction', 'Fantasy']",365934787,2.0558134101123597,Action,pre_covid
381284,Hidden Figures,2016-12-10,2016,127,25000000,235957472,8.051,10185,8.8213,"['Drama', 'History']",210957472,8.43829888,Drama,pre_covid
259693,The Conjuring 2,2016-06-08,2016,134,40000000,322819915,7.294,8956,8.6812,['Horror'],282819915,7.070497875,Horror,pre_covid
335797,Sing,2016-11-23,2016,108,75000000,634151679,7.12,8267,8.2732,"['Family', 'Comedy', 'Music', 'Animation']",559151679,7.45535572,Family,pre_covid
363676,Sully,2016-09-07,2016,96,60000000,240800000,7.196,7519,8.058,"['Drama', 'History']",180800000,3.013333333333333,Drama,pre_covid
301365,The Neon Demon,2016-05-31,2016,118,7000000,3400000,6.508,3854,7.9157,"['Horror', 'Thriller']",-3600000,-0.5142857142857142,Horror,pre_covid
333371,10 Cloverfield Lane,2016-03-10,2016,104,15000000,110216998,6.994,8389,7.8904,"['Thriller', 'Science Fiction', 'Drama', 'Horror']",95216998,6.347799866666667,Thriller,pre_covid
293767,Billy Lynn's Long Halftime Walk,2016-11-10,2016,113,40000000,30930984,6.018,606,7.7785,"['Drama', 'War']",-9069016,-0.2267254,Drama,pre_covid
302699,Central Intelligence,2016-06-15,2016,107,50000000,216972543,6.416,6190,7.6445,"['Action', 'Comedy']",166972543,3.33945086,Action,pre_covid
188927,Star Trek Beyond,2016-07-07,2016,122,185000000,343471816,6.783,6900,7.5398,"['Action', 'Adventure', 'Science Fiction']",158471816,0.8566044108108108,Action,pre_covid
290595,The Huntsman: Winter's War,2016-04-06,2016,114,115000000,164989338,6.284,4948,7.5335,"['Action', 'Adventure', 'Drama']",49989338,0.4346898956521739,Action,pre_covid
302156,Criminal,2016-04-07,2016,113,31500000,14708696,6.21,1821,7.4522,"['Action', 'Crime', 'Science Fiction']",-16791304,-0.5330572698412699,Action,pre_covid
136799,Trolls,2016-10-13,2016,92,125000000,347337803,6.631,3732,7.3427,"['Family', 'Animation', 'Fantasy', 'Adventure', 'Comedy', 'Music']",222337803,1.778702424,Family,pre_covid
140300,Kung Fu Panda 3,2016-01-23,2016,95,145000000,521170825,6.921,6380,7.2899,"['Animation', 'Action', 'Adventure', 'Comedy', 'Family']",376170825,2.594281551724138,Animation,pre_covid
241259,Alice Through the Looking Glass,2016-05-25,2016,113,170000000,299457024,6.56,6644,7.2865,"['Adventure', 'Family', 'Fantasy']",129457024,0.761511905882353,Adventure,pre_covid
291870,Dirty Grandpa,2016-01-20,2016,102,11500000,94100000,5.935,4510,7.23,['Comedy'],82600000,7.182608695652174,Comedy,pre_covid
258489,The Legend of Tarzan,2016-06-29,2016,109,180000000,356743061,5.915,6383,7.1642,"['Fantasy', 'Action', 'Adventure']",176743061,0.9819058944444444,Fantasy,pre_covid
302946,The Accountant,2016-10-13,2016,128,44000000,155160045,7.131,7083,7.0562,"['Crime', 'Thriller', 'Drama']",111160045,2.526364659090909,Crime,pre_covid
283366,Miss Peregrine's Home for Peculiar Children,2016-09-27,2016,127,110000000,296482446,6.837,10308,6.9361,"['Fantasy', 'Adventure', 'Drama', 'Family']",186482446,1.6952949636363637,Fantasy,pre_covid
330459,Rogue One: A Star Wars Story,2016-12-14,2016,133,200000000,1056057273,7.503,16009,6.9142,"['Action', 'Adventure', 'Science Fiction']",856057273,4.280286365,Action,pre_covid
343611,Jack Reacher: Never Go Back,2016-10-19,2016,118,60000000,162100000,5.998,5161,6.9017,"['Action', 'Drama', 'Thriller', 'Crime']",102100000,1.7016666666666667,Action,pre_covid
374440,Spa Night,2016-08-19,2016,96,67000,38578,5.581,31,6.7838,['Drama'],-28422,-0.4242089552238806,Drama,pre_covid
360814,Dangal,2016-12-21,2016,161,10400000,311000000,7.894,1085,6.7353,"['Drama', 'Family', 'Comedy']",300600000,28.903846153846153,Drama,pre_covid
262504,Allegiant,2016-03-09,2016,120,110000000,179246868,6.107,6827,6.6521,"['Adventure', 'Science Fiction', 'Action', 'Mystery']",69246868,0.6295169818181818,Adventure,pre_covid
311324,The Great Wall,2016-12-16,2016,103,150000000,331957105,6.032,5401,6.6366,"['Action', 'Adventure', 'Fantasy']",181957105,1.2130473666666666,Action,pre_covid
267860,London Has Fallen,2016-03-02,2016,99,60000000,205754447,6.2,4963,6.6323,"['Action', 'Thriller']",145754447,2.4292407833333334,Action,pre_covid
290250,The Nice Guys,2016-05-15,2016,116,50000000,71261763,7.122,8358,6.5826,"['Comedy', 'Crime', 'Action']",21261763,0.42523526,Comedy,pre_covid
324668,Jason Bourne,2016-07-27,2016,123,120000000,415484914,6.4,6013,6.5554,"['Action', 'Adventure', 'Thriller']",295484914,2.4623742833333333,Action,pre_covid
340945,USS Indianapolis: Men of Courage,2016-09-22,2016,128,40000000,2158568,5.875,638,6.5525,"['Action', 'War']",-37841432,-0.9460358,Action,pre_covid
363579,The Age of Shadows,2016-09-07,2016,140,9620000,53165427,7.2,354,6.5306,"['Action', 'Thriller']",43545427,4.526551663201663,Action,pre_covid
302688,My Big Fat Greek Wedding 2,2016-03-23,2016,94,18000000,90632641,5.981,1052,6.5245,"['Comedy', 'Romance']",72632641,4.035146722222223,Comedy,pre_covid
346364,It,2017-09-06,2017,135,35000000,704242888,7.238,19886,62.0221,"['Horror', 'Thriller']",669242888,19.121225371428572,Horror,pre_covid
315635,Spider-Man: Homecoming,2017-07-05,2017,133,175000000,880166924,7.329,22664,25.5119,"['Action', 'Adventure', 'Science Fiction']",705166924,4.02952528,Action,pre_covid
141052,Justice League,2017-11-15,2017,120,300000000,661326987,6.074,13410,21.1231,"['Action', 'Adventure', 'Science Fiction']",361326987,1.20442329,Action,pre_covid
283995,Guardians of the Galaxy Vol. 2,2017-04-19,2017,137,200000000,863756051,7.611,22446,17.1845,"['Science Fiction', 'Adventure', 'Action']",663756051,3.318780255,Science Fiction,pre_covid
354912,Coco,2017-10-27,2017,105,175000000,814641172,8.2,20484,17.1683,"['Family', 'Animation', 'Music', 'Adventure']",639641172,3.6550924114285714,Family,pre_covid
297762,Wonder Woman,2017-05-30,2017,141,149000000,823970682,7.213,20571,16.5754,"['Action', 'Adventure', 'Fantasy']",674970682,4.530004577181208,Action,pre_covid
335984,Blade Runner 2049,2017-10-04,2017,164,150000000,259239658,7.6,14591,16.1057,"['Science Fiction', 'Drama']",109239658,0.7282643866666667,Science Fiction,pre_covid
263115,Logan,2017-02-28,2017,137,97000000,619021436,7.819,19993,15.974,"['Action', 'Drama', 'Science Fiction']",522021436,5.381664288659794,Action,pre_covid
399366,Marrowbone,2017-10-27,2017,111,8000000,12294931,7.271,1744,15.3826,"['Thriller', 'Horror', 'Mystery']",4294931,0.536866375,Thriller,pre_covid
321612,Beauty and the Beast,2017-03-16,2017,129,160000000,1266115964,6.969,15844,12.1482,"['Family', 'Fantasy', 'Romance']",1106115964,6.913224775,Family,pre_covid
419680,Daddy's Home 2,2017-11-09,2017,100,69000000,180613180,6.31,2659,11.3132,['Comedy'],111613180,1.6175823188405798,Comedy,pre_covid
284053,Thor: Ragnarok,2017-10-02,2017,131,180000000,855301806,7.583,21564,11.1645,"['Action', 'Adventure', 'Science Fiction', 'Comedy']",675301806,3.7516767,Action,pre_covid
419430,Get Out,2017-02-24,2017,104,4500000,255407969,7.621,18357,10.9885,"['Mystery', 'Thriller', 'Horror']",250907969,55.757326444444445,Mystery,pre_covid
268531,Captain Underpants: The First Epic Movie,2017-06-01,2017,89,38000000,125427681,6.267,1307,10.8242,"['Family', 'Comedy', 'Animation', 'Science Fiction']",87427681,2.300728447368421,Family,pre_covid
339403,Baby Driver,2017-06-28,2017,113,34000000,226945087,7.445,16423,10.8046,"['Action', 'Crime']",192945087,5.6748555,Action,pre_covid
339259,The Man with the Iron Heart,2017-05-25,2017,120,32679734,4412639,6.555,800,10.7929,"['War', 'Action', 'History', 'Thriller']",-28267095,-0.8649732277502626,War,pre_covid
316029,The Greatest Showman,2017-12-20,2017,105,84000000,459066134,7.87,9828,10.7061,['Drama'],375066134,4.4650730238095235,Drama,pre_covid
339964,Valerian and the City of a Thousand Planets,2017-07-19,2017,137,177200000,225973340,6.629,7787,10.6764,"['Adventure', 'Science Fiction', 'Action']",48773340,0.27524458239277655,Adventure,pre_covid
398818,Call Me by Your Name,2017-07-28,2017,132,3500000,43143046,8.1,12510,10.6224,"['Romance', 'Drama']",39643046,11.32658457142857,Romance,pre_covid
417870,Girls Trip,2017-07-21,2017,122,19000000,140376621,6.824,1543,10.4101,"['Comedy', 'Romance', 'Adventure']",121376621,6.388243210526316,Comedy,pre_covid
400928,Gifted,2017-04-07,2017,101,7000000,40300000,8.0,5808,10.3887,"['Drama', 'Comedy']",33300000,4.757142857142857,Drama,pre_covid
181808,Star Wars: The Last Jedi,2017-12-13,2017,152,300000000,1332698830,6.8,15948,10.3514,"['Adventure', 'Action', 'Science Fiction']",1032698830,3.442329433333333,Adventure,pre_covid
391713,Lady Bird,2017-09-01,2017,94,10000000,79000000,7.253,8843,10.049,"['Drama', 'Comedy']",69000000,6.9,Drama,pre_covid
324552,John Wick: Chapter 2,2017-02-08,2017,122,40000000,171539887,7.34,13831,9.8095,"['Action', 'Thriller', 'Crime']",131539887,3.288497175,Action,pre_covid
260514,Cars 3,2017-06-15,2017,102,175000000,383925276,6.9,6209,9.7147,"['Animation', 'Adventure', 'Comedy', 'Family']",208925276,1.19385872,Animation,pre_covid
274857,King Arthur: Legend of the Sword,2017-05-10,2017,126,175000000,149175066,6.551,5911,9.5564,"['Action', 'Drama', 'Fantasy']",-25824934,-0.14757105142857144,Action,pre_covid
47971,xXx: Return of Xander Cage,2017-01-13,2017,107,85000000,346118277,6.1,9135,9.4876,"['Action', 'Adventure', 'Crime']",261118277,3.0719797294117646,Action,pre_covid
394117,The Florida Project,2017-10-06,2017,112,2000000,11303040,7.4,2983,9.4112,['Drama'],9303040,4.65152,Drama,pre_covid
337339,The Fate of the Furious,2017-04-12,2017,136,250000000,1236000000,6.859,10626,8.871,"['Action', 'Crime', 'Thriller']",986000000,3.944,Action,pre_covid
281338,War for the Planet of the Apes,2017-07-11,2017,140,150000000,490719763,7.2,9466,8.4361,"['Drama', 'Science Fiction', 'War']",340719763,2.271465086666667,Drama,pre_covid
430424,See You Up There,2017-10-25,2017,113,23000000,15100000,7.829,1332,8.258,"['Drama', 'Crime', 'War']",-7900000,-0.34347826086956523,Drama,pre_covid
166426,Pirates of the Caribbean: Dead Men Tell No Tales,2017-05-23,2017,129,230000000,795922298,6.654,12511,8.1446,"['Adventure', 'Action', 'Fantasy']",565922298,2.4605317304347825,Adventure,pre_covid
381288,Split,2017-01-19,2017,117,9000000,278454358,7.343,17997,8.0399,"['Horror', 'Thriller']",269454358,29.93937311111111,Horror,pre_covid
397567,Along with the Gods: The Two Worlds,2017-12-20,2017,139,18300000,125983972,8.0,1135,7.9911,"['Action', 'Adventure', 'Drama', 'Fantasy', 'Thriller']",107683972,5.884370054644808,Action,pre_covid
479718,The Outlaws,2017-10-03,2017,121,5900000,52946454,7.7,491,7.9414,"['Action', 'Crime', 'Thriller']",47046454,7.973975254237288,Action,pre_covid
335988,Transformers: The Last Knight,2017-06-16,2017,154,217000000,605425157,6.055,6547,7.8333,"['Action', 'Adventure', 'Science Fiction']",388425157,1.7899776820276498,Action,pre_covid
341013,Atomic Blonde,2017-07-26,2017,115,30000000,100014025,6.431,6467,7.8194,"['Action', 'Adventure', 'Thriller']",70014025,2.3338008333333335,Action,pre_covid
353491,The Dark Tower,2017-08-03,2017,95,60000000,113231078,5.785,5383,7.4639,"['Fantasy', 'Action', 'Science Fiction']",53231078,0.8871846333333333,Fantasy,pre_covid
406990,What Happened to Monday,2017-08-18,2017,123,20000000,27975429,7.155,6307,7.4305,"['Science Fiction', 'Thriller', 'Mystery', 'Action']",7975429,0.39877145,Science Fiction,pre_covid
343668,Kingsman: The Golden Circle,2017-09-20,2017,141,104000000,410902662,6.951,10864,7.3481,"['Action', 'Adventure', 'Comedy', 'Crime']",306902662,2.9509871346153846,Action,pre_covid
324852,Despicable Me 3,2017-06-15,2017,90,80000000,1034800131,6.464,7473,7.3409,"['Action', 'Animation', 'Comedy', 'Family', 'Adventure']",954800131,11.9350016375,Action,pre_covid
432068,C'est la vie!,2017-10-04,2017,115,17200000,23800000,7.0,1541,7.3112,['Comedy'],6600000,0.38372093023255816,Comedy,pre_covid
374720,Dunkirk,2017-07-19,2017,107,150000000,527000000,7.451,17158,7.2705,"['War', 'Action', 'Drama']",377000000,2.513333333333333,War,pre_covid
417830,Diary of a Wimpy Kid: The Long Haul,2017-05-19,2017,91,22000000,40120144,5.3,509,7.2703,"['Comedy', 'Family', 'Adventure']",18120144,0.8236429090909091,Comedy,pre_covid
293167,Kong: Skull Island,2017-03-08,2017,118,185000000,566652812,6.55,10892,7.1919,"['Action', 'Adventure', 'Fantasy']",381652812,2.062988172972973,Action,pre_covid
406997,Wonder,2017-11-13,2017,113,20000000,315025930,8.111,8108,7.056,"['Family', 'Drama']",295025930,14.7512965,Family,pre_covid
397415,Vengeance: A Love Story,2017-03-16,2017,99,28000000,14940116,5.558,330,6.9327,"['Action', 'Drama', 'Thriller']",-13059884,-0.4664244285714286,Action,pre_covid
401513,Attraction,2017-01-26,2017,117,5027266,19454845,6.658,868,6.929,"['Drama', 'Romance', 'Science Fiction', 'Adventure']",14427579,2.8698658475600856,Drama,pre_covid
339846,Baywatch,2017-05-25,2017,116,69000000,177900000,6.09,8341,6.6363,"['Comedy', 'Action', 'Crime']",108900000,1.5782608695652174,Comedy,pre_covid
341174,Fifty Shades Darker,2017-02-08,2017,118,55000000,381545846,6.474,7841,6.4836,"['Drama', 'Romance']",326545846,5.9371972,Drama,pre_covid
360920,The Grinch,2018-11-08,2018,85,75000000,508600000,6.9,4298,29.6922,"['Family', 'Comedy', 'Animation']",433600000,5.781333333333333,Family,pre_covid
299536,Avengers: Infinity War,2018-04-25,2018,149,300000000,2052415039,8.235,31216,22.3818,"['Adventure', 'Action', 'Science Fiction']",1752415039,5.841383463333333,Adventure,pre_covid
333339,Ready Player One,2018-03-28,2018,140,175000000,607274134,7.585,16417,19.2352,"['Adventure', 'Action', 'Science Fiction']",432274134,2.4701379085714286,Adventure,pre_covid
427641,Rampage,2018-04-11,2018,107,120000000,428028233,6.455,7328,17.5515,"['Action', 'Adventure', 'Science Fiction']",308028233,2.5669019416666665,Action,pre_covid
324857,Spider-Man: Into the Spider-Verse,2018-12-06,2018,117,90000000,393602435,8.395,16664,13.487,"['Animation', 'Action', 'Adventure', 'Science Fiction']",303602435,3.373360388888889,Animation,pre_covid
335983,Venom,2018-09-28,2018,112,116000000,856085151,6.827,16879,12.8013,"['Science Fiction', 'Action']",740085151,6.380044405172414,Science Fiction,pre_covid
500664,Upgrade,2018-05-31,2018,100,3000000,16976561,7.501,4783,12.6809,"['Action', 'Thriller', 'Science Fiction']",13976561,4.6588536666666664,Action,pre_covid
346910,The Predator,2018-09-05,2018,107,88000000,160542134,5.633,4971,11.5306,"['Science Fiction', 'Action', 'Thriller']",72542134,0.8243424318181818,Science Fiction,pre_covid
428078,Mortal Engines,2018-11-27,2018,128,100000000,83869818,6.209,4943,10.6662,"['Adventure', 'Science Fiction']",-16130182,-0.16130182,Adventure,pre_covid
284054,Black Panther,2018-02-13,2018,135,200000000,1349926083,7.365,23000,10.6288,"['Action', 'Adventure', 'Science Fiction']",1149926083,5.749630415,Action,pre_covid
351286,Jurassic World: Fallen Kingdom,2018-06-06,2018,129,170000000,1310469037,6.537,12425,10.3855,"['Action', 'Adventure', 'Science Fiction', 'Thriller']",1140469037,6.708641394117647,Action,pre_covid
297802,Aquaman,2018-12-07,2018,143,160000000,1152028393,6.871,14615,10.3656,"['Action', 'Adventure', 'Fantasy']",992028393,6.20017745625,Action,pre_covid
454992,The Spy Who Dumped Me,2018-08-02,2018,117,40000000,33562069,6.383,2311,10.2611,"['Comedy', 'Action', 'Adventure']",-6437931,-0.160948275,Comedy,pre_covid
402900,Ocean's Eight,2018-06-07,2018,111,70000000,297718711,7.0,8605,10.1778,"['Crime', 'Comedy', 'Action']",227718711,3.2531244428571426,Crime,pre_covid
345887,The Equalizer 2,2018-07-19,2018,121,62000000,190400157,6.78,5741,10.0371,"['Action', 'Thriller', 'Crime']",128400157,2.0709702741935483,Action,pre_covid
439079,The Nun,2018-09-05,2018,96,22000000,366082797,5.906,7042,9.7017,['Horror'],344082797,15.640127136363636,Horror,pre_covid
371608,The Strangers: Prey at Night,2018-03-07,2018,86,12500000,32144262,5.708,1456,9.4317,"['Horror', 'Thriller']",19644262,1.57154096,Horror,pre_covid
337167,Fifty Shades Freed,2018-01-17,2018,105,55000000,371985018,6.681,8248,9.1071,"['Drama', 'Romance']",316985018,5.763363963636364,Drama,pre_covid
260513,Incredibles 2,2018-06-14,2018,118,200000000,1243225667,7.456,13380,8.9007,"['Action', 'Adventure', 'Animation', 'Family']",1043225667,5.216128335,Action,pre_covid
458423,Mamma Mia! Here We Go Again,2018-07-18,2018,114,75000000,395607854,7.086,3506,9.5009,"['Comedy', 'Romance']",320607854,4.274771386666667,Comedy,pre_covid
424694,Bohemian Rhapsody,2018-10-24,2018,135,52000000,910813521,7.964,17426,8.9692,"['Music', 'Drama']",858813521,16.515644634615384,Music,pre_covid
381719,Peter Rabbit,2018-02-07,2018,93,50000000,351266433,6.692,1863,7.6263,"['Animation', 'Adventure', 'Family']",301266433,6.02532866,Animation,pre_covid
383498,Deadpool 2,2018-05-15,2018,120,110000000,785896632,7.489,18780,8.5528,"['Action', 'Comedy', 'Adventure']",675896632,6.144514836363636,Action,pre_covid
400535,Sicario: Day of the Soldado,2018-06-27,2018,122,35000000,75836683,6.941,3873,7.9256,"['Action', 'Crime', 'Thriller']",40836683,1.1667623714285715,Action,pre_covid
530254,The Witch: Part 1. The Subversion,2018-06-27,2018,126,5500000,24340302,7.878,686,9.0181,"['Action', 'Mystery', 'Science Fiction']",18840302,3.4255094545454545,Action,pre_covid
363088,Ant-Man and the Wasp,2018-07-04,2018,119,140000000,622674139,6.91,13866,8.5516,"['Action', 'Adventure', 'Science Fiction']",482674139,3.4476724214285714,Action,pre_covid
497814,Breaking In,2018-05-05,2018,88,6000000,49078000,6.0,679,8.3423,"['Action', 'Crime', 'Thriller']",43078000,7.179666666666667,Action,pre_covid
491584,Burning,2018-05-17,2018,148,7280000,6591038,7.4,1735,8.3323,"['Mystery', 'Drama', 'Thriller']",-688962,-0.09463763736263736,Mystery,pre_covid
300668,Annihilation,2018-02-22,2018,115,40000000,43070915,6.435,9109,8.1947,"['Science Fiction', 'Horror']",3070915,0.076772875,Science Fiction,pre_covid
429197,Vice,2018-12-25,2018,132,60000000,76100000,7.015,3494,8.0577,"['Drama', 'Comedy']",16100000,0.2683333333333333,Drama,pre_covid
400155,Hotel Transylvania 3: Summer Vacation,2018-06-28,2018,97,80000000,528600000,6.854,4615,8.0084,"['Animation', 'Comedy', 'Family', 'Fantasy']",448600000,5.6075,Animation,pre_covid
420634,Terrifier,2018-01-25,2018,84,35000,421798,6.327,2843,7.8167,"['Horror', 'Thriller']",386798,11.051371428571429,Horror,pre_covid
447332,A Quiet Place,2018-04-03,2018,91,17000000,340955294,7.395,14928,7.7814,"['Horror', 'Drama', 'Science Fiction']",323955294,19.05619376470588,Horror,pre_covid
454545,"Help, I Shrunk My Parents",2018-01-18,2018,90,7600000,8400000,5.2,46,7.7383,"['Comedy', 'Adventure', 'Family']",800000,0.10526315789473684,Comedy,pre_covid
493922,Hereditary,2018-06-07,2018,128,10000000,87796204,7.291,8259,7.6337,"['Horror', 'Mystery', 'Thriller']",77796204,7.7796204,Horror,pre_covid
449443,Den of Thieves,2018-01-18,2018,140,30000000,80509622,6.855,3265,7.5481,"['Crime', 'Thriller', 'Action']",50509622,1.6836540666666666,Crime,pre_covid
336843,Maze Runner: The Death Cure,2018-01-10,2018,143,62000000,288175335,7.093,8181,7.4844,"['Science Fiction', 'Action', 'Adventure', 'Thriller']",226175335,3.6479892741935482,Science Fiction,pre_covid
505262,My Hero Academia: Two Heroes,2018-08-03,2018,96,12000000,27507549,7.884,1073,7.2939,"['Animation', 'Action', 'Adventure', 'Fantasy']",15507549,1.29229575,Animation,pre_covid
496328,Sanju,2018-06-29,2018,161,21918618,67414985,7.2,207,7.1051,"['Drama', 'Comedy']",45496367,2.075695055226566,Drama,pre_covid
424783,Bumblebee,2018-11-22,2018,114,135000000,467989645,6.72,6453,7.0481,"['Action', 'Adventure', 'Science Fiction']",332989645,2.466589962962963,Action,pre_covid
492452,Ben Is Back,2018-12-05,2018,103,13000000,12616995,6.6,950,6.9261,['Drama'],-383005,-0.029461923076923077,Drama,pre_covid
517814,Capernaum,2018-09-20,2018,126,4000000,64978931,8.144,1884,6.9122,['Drama'],60978931,15.24473275,Drama,pre_covid
426543,The Nutcracker and the Four Realms,2018-10-26,2018,99,120000000,173961069,6.089,2202,6.8178,"['Fantasy', 'Adventure', 'Family']",53961069,0.449675575,Fantasy,pre_covid
442249,The First Purge,2018-07-04,2018,97,13000000,137056262,6.003,4135,6.7309,"['Action', 'Horror', 'Thriller']",124056262,9.542789384615384,Action,pre_covid
437543,The Monkey King 3,2018-02-16,2018,114,87000000,115089944,5.848,56,6.7109,"['Adventure', 'Fantasy', 'Action', 'Family']",28089944,0.3228729195402299,Adventure,pre_covid
375588,Robin Hood,2018-11-03,2018,116,100000000,86493046,5.911,3076,6.6771,"['Adventure', 'Action', 'Thriller', 'Fantasy']",-13506954,-0.13506954,Adventure,pre_covid
404368,Ralph Breaks the Internet,2018-11-20,2018,112,175000000,529323962,7.166,7908,6.511,"['Family', 'Animation', 'Comedy', 'Adventure']",354323962,2.0247083542857145,Family,pre_covid
474350,It Chapter Two,2019-09-04,2019,169,79000000,473123154,6.839,9304,52.2594,"['Horror', 'Thriller']",394123154,4.988900683544304,Horror,pre_covid
546554,Knives Out,2019-11-27,2019,131,40000000,312897920,7.844,13335,40.9742,"['Comedy', 'Crime', 'Mystery']",272897920,6.822448,Comedy,pre_covid
615453,Ne Zha,2019-07-26,2019,110,22000000,742718496,7.881,741,25.5309,"['Animation', 'Fantasy', 'Adventure']",720718496,32.75993163636364,Animation,pre_covid
496243,Parasite,2019-05-30,2019,133,11363000,257591776,8.496,19808,24.2665,"['Comedy', 'Thriller', 'Drama']",246228776,21.669345771363197,Comedy,pre_covid
475557,Joker,2019-10-01,2019,122,55000000,1078958629,8.13,27056,18.7492,"['Crime', 'Thriller', 'Drama']",1023958629,18.617429618181816,Crime,pre_covid
299534,Avengers: Endgame,2019-04-24,2019,181,356000000,2799439100,8.237,27005,18.6217,"['Adventure', 'Science Fiction', 'Action']",2443439100,6.86359297752809,Adventure,pre_covid
429617,Spider-Man: Far From Home,2019-06-28,2019,129,160000000,1131927996,7.399,16507,16.6063,"['Action', 'Adventure', 'Science Fiction']",971927996,6.074549975,Action,pre_covid
166428,How to Train Your Dragon: The Hidden World,2019-01-03,2019,104,129000000,539987993,7.75,6878,13.9751,"['Animation', 'Family', 'Adventure']",410987993,3.185953434108527,Animation,pre_covid
450465,Glass,2019-01-16,2019,129,20000000,246999039,6.662,8864,13.5373,"['Thriller', 'Drama', 'Science Fiction']",226999039,11.34995195,Thriller,pre_covid
537915,After,2019-04-11,2019,106,14000000,69497587,7.112,8446,11.9254,"['Romance', 'Drama']",55497587,3.9641133571428573,Romance,pre_covid
384018,Fast & Furious Presents: Hobbs & Shaw,2019-07-31,2019,137,200000000,760098996,6.843,7561,11.3369,"['Action', 'Adventure', 'Comedy']",560098996,2.80049498,Action,pre_covid
181812,Star Wars: The Rise of Skywalker,2019-12-18,2019,142,489900000,1074144248,6.278,10487,10.762,"['Adventure', 'Action', 'Science Fiction']",584244248,1.192578583384364,Adventure,pre_covid
330457,Frozen II,2019-11-20,2019,103,150000000,1453683476,7.24,10084,10.6407,"['Family', 'Animation', 'Adventure', 'Comedy', 'Fantasy']",1303683476,8.691223173333332,Family,pre_covid
466272,Once Upon a Time... in Hollywood,2019-07-24,2019,162,95000000,392105159,7.4,14342,10.5849,"['Comedy', 'Drama', 'Thriller']",297105159,3.1274227263157894,Comedy,pre_covid
531428,Portrait of a Lady on Fire,2019-09-18,2019,121,5740000,9923127,8.103,2816,10.4788,"['Drama', 'Romance', 'History']",4183127,0.7287677700348432,Drama,pre_covid
512200,Jumanji: The Next Level,2019-12-04,2019,123,125000000,801693929,6.882,9111,10.1258,"['Adventure', 'Comedy', 'Fantasy']",676693929,5.413551432,Adventure,pre_covid
420818,The Lion King,2019-07-12,2019,118,260000000,1662020819,7.1,10577,9.8856,"['Adventure', 'Drama', 'Family', 'Animation']",1402020819,5.3923877653846155,Adventure,pre_covid
530915,1917,2019-12-25,2019,119,100000000,446064352,7.985,13136,9.8404,"['War', 'History', 'Drama', 'Action']",346064352,3.46064352,War,pre_covid
473033,Uncut Gems,2019-08-30,2019,136,19000000,50023780,7.154,5134,9.704,"['Drama', 'Thriller', 'Crime']",31023780,1.6328305263157894,Drama,pre_covid
486589,Red Shoes and the Seven Dwarfs,2019-07-25,2019,92,20000000,10054356,7.711,1117,9.5449,"['Animation', 'Fantasy', 'Family', 'Comedy', 'Romance', 'Adventure']",-9945644,-0.4972822,Animation,pre_covid
412117,The Secret Life of Pets 2,2019-05-24,2019,86,80000000,429434163,6.949,3240,9.1193,"['Family', 'Comedy', 'Adventure', 'Animation']",349434163,4.3679270375,Family,pre_covid
484641,Anna,2019-06-19,2019,119,34000000,31626978,6.708,2878,9.0393,"['Action', 'Adventure', 'Thriller']",-2373022,-0.06979476470588235,Action,pre_covid
399579,Alita: Battle Angel,2019-01-31,2019,122,170000000,405000000,7.245,9702,8.9726,"['Action', 'Science Fiction', 'Adventure']",235000000,1.3823529411764706,Action,pre_covid
504562,Motherless Brooklyn,2019-10-31,2019,145,26000000,18377736,6.691,1535,8.7806,"['Drama', 'Thriller']",-7622264,-0.293164,Drama,pre_covid
581528,"The Gangster, the Cop, the Devil",2019-05-15,2019,110,6500000,25775371,7.843,1373,8.677,"['Crime', 'Action', 'Thriller']",19275371,2.9654416923076923,Crime,pre_covid
458156,John Wick: Chapter 3 - Parabellum,2019-05-15,2019,131,55000000,326709727,7.445,11353,8.5456,"['Action', 'Thriller', 'Crime']",271709727,4.940176854545455,Action,pre_covid
301528,Toy Story 4,2019-06-19,2019,100,175000000,1073841394,7.5,10250,8.4159,"['Family', 'Comedy', 'Animation', 'Adventure']",898841394,5.1362365371428576,Family,pre_covid
567609,Ready or Not,2019-08-21,2019,95,6000000,57615777,7.0,4990,8.2016,"['Horror', 'Comedy']",51615777,8.6026295,Horror,pre_covid
331482,Little Women,2019-12-25,2019,135,40000000,332103783,7.86,6620,8.1413,"['Drama', 'Romance', 'History']",292103783,7.302594575,Drama,pre_covid
480414,The Curse of La Llorona,2019-04-17,2019,93,9000000,123233739,5.654,2593,8.0822,['Horror'],114233739,12.692637666666666,Horror,pre_covid
449562,The Hustle,2019-05-09,2019,94,21000000,97400000,6.194,2622,8.0114,"['Comedy', 'Crime']",76400000,3.638095238095238,Comedy,pre_covid
290859,Terminator: Dark Fate,2019-10-23,2019,128,185000000,261119292,6.416,5460,7.9499,"['Science Fiction', 'Action', 'Adventure', 'Thriller']",76119292,0.41145563243243244,Science Fiction,pre_covid
428045,Iron Mask,2019-08-16,2019,121,49000000,8685794,6.112,525,7.8599,"['Action', 'Adventure', 'Family', 'Fantasy']",-40314206,-0.8227388979591836,Action,pre_covid
420817,Aladdin,2019-05-22,2019,127,183000000,1097831681,7.091,10424,7.7856,"['Adventure', 'Fantasy', 'Romance', 'Family']",914831681,4.999080224043716,Adventure,pre_covid
487297,What Men Want,2019-02-08,2019,117,20000000,69766483,6.216,1556,7.6009,"['Comedy', 'Romance']",49766483,2.48832415,Comedy,pre_covid
530385,Midsommar,2019-07-03,2019,147,9000000,48498408,7.152,7762,7.5757,"['Horror', 'Drama', 'Mystery']",39498408,4.388712,Horror,pre_covid
480105,47 Meters Down: Uncaged,2019-08-15,2019,90,12000000,47582563,5.704,1476,7.5609,"['Horror', 'Thriller']",35582563,2.9652135833333335,Horror,pre_covid
491854,Foxtrot Six,2019-02-21,2019,114,4300000,1369324,6.2,48,7.5399,"['Action', 'Drama', 'Science Fiction']",-2930676,-0.6815525581395349,Action,pre_covid
359724,Ford v Ferrari,2019-11-13,2019,153,97600000,225508210,8.007,8629,7.5163,"['Drama', 'Action', 'History']",127908210,1.3105349385245901,Drama,pre_covid
549053,Last Christmas,2019-11-07,2019,102,30000000,121600000,7.204,2532,7.4899,"['Comedy', 'Romance']",91600000,3.0533333333333332,Comedy,pre_covid
438674,Dragged Across Concrete,2019-02-21,2019,159,15000000,660132,6.592,1065,7.3947,"['Crime', 'Action', 'Thriller']",-14339868,-0.9559912,Crime,pre_covid
458897,Charlie's Angels,2019-11-14,2019,118,48000000,73279888,6.393,3084,7.3929,"['Action', 'Adventure', 'Comedy']",25279888,0.5266643333333333,Action,pre_covid
431693,Spies in Disguise,2019-12-04,2019,102,100000000,171616764,7.569,2901,7.348,"['Animation', 'Action', 'Adventure', 'Comedy', 'Family']",71616764,0.71616764,Animation,pre_covid
501170,Doctor Sleep,2019-10-30,2019,152,45000000,72385286,7.145,4708,7.3369,"['Horror', 'Fantasy']",27385286,0.6085619111111111,Horror,pre_covid
440472,The Upside,2019-01-10,2019,126,37500000,125856180,7.1,1357,7.3352,"['Comedy', 'Drama']",88356180,2.3561648,Comedy,pre_covid
521029,Annabelle Comes Home,2019-06-26,2019,106,27000000,231252591,6.407,3751,7.2937,['Horror'],204252591,7.5649107777777775,Horror,pre_covid
499701,Dora and the Lost City of Gold,2019-08-08,2019,102,49000000,120600000,6.637,1785,7.1849,"['Family', 'Comedy', 'Adventure']",71600000,1.4612244897959183,Family,pre_covid
522924,The Art of Racing in the Rain,2019-08-08,2019,109,18000000,33800000,8.184,1609,7.1293,"['Drama', 'Romance']",15800000,0.8777777777777778,Drama,pre_covid
373571,Godzilla: King of the Monsters,2019-05-29,2019,132,170000000,387300138,6.696,6493,7.002,"['Science Fiction', 'Action']",217300138,1.278236105882353,Science Fiction,pre_covid
552178,Dark Waters,2019-11-22,2019,127,20000000,13601384,7.529,2392,6.7633,"['Drama', 'Thriller']",-6398616,-0.3199308,Drama,pre_covid
522518,A Dog's Journey,2019-05-03,2019,109,16000000,78871079,8.054,1586,6.7561,"['Family', 'Adventure', 'Drama']",62871079,3.9294424375,Family,pre_covid
287947,Shazam!,2019-03-29,2019,132,80000000,367799011,6.986,9974,6.6713,"['Action', 'Comedy', 'Fantasy']",287799011,3.5974876375,Action,pre_covid
464052,Wonder Woman 1984,2020-12-16,2020,151,200000000,169601036,6.386,8856,18.2678,"['Action', 'Adventure', 'Fantasy']",-30398964,-0.15199482,Action,covid
435615,Possessor,2020-10-02,2020,103,2500000,911000,6.394,986,15.6757,"['Horror', 'Thriller', 'Science Fiction']",-1589000,-0.6356,Horror,covid
522627,The Gentlemen,2020-01-01,2020,113,22000000,115171795,7.669,6312,12.5419,"['Comedy', 'Crime']",93171795,4.235081590909091,Comedy,covid
635302,Demon Slayer -Kimetsu no Yaiba- The Movie: Mugen Train,2020-10-16,2020,117,15700000,523542183,8.208,4333,12.0489,"['Animation', 'Action', 'Fantasy']",507842183,32.34663585987261,Animation,covid
539537,Fantasy Island,2020-02-12,2020,109,7000000,49500000,5.768,2579,10.5013,"['Adventure', 'Fantasy', 'Horror', 'Mystery']",42500000,6.071428571428571,Adventure,covid
582014,Promising Young Woman,2020-12-13,2020,113,10000000,20379604,7.402,3516,10.2986,"['Thriller', 'Crime', 'Drama']",10379604,1.0379604,Thriller,covid
590223,Love and Monsters,2020-10-16,2020,109,30000000,1122066,7.277,4297,9.6422,"['Comedy', 'Adventure', 'Science Fiction', 'Action']",-28877934,-0.9625978,Comedy,covid
508442,Soul,2020-12-25,2020,101,150000000,121977511,8.103,11053,9.4732,"['Animation', 'Family', 'Comedy', 'Fantasy', 'Drama']",-28022489,-0.18681659333333334,Animation,covid
400160,The SpongeBob Movie: Sponge on the Run,2020-08-14,2020,95,60000000,4810790,7.422,2925,9.3856,"['Family', 'Comedy', 'Adventure', 'Animation']",-55189210,-0.9198201666666667,Family,covid
454626,Sonic the Hedgehog,2020-02-12,2020,99,85000000,319715683,7.297,10165,9.3404,"['Action', 'Science Fiction', 'Comedy', 'Family']",234715683,2.761360976470588,Action,covid
529203,The Croods: A New Age,2020-11-25,2020,95,65000000,215905815,7.458,4028,9.2727,"['Animation', 'Family', 'Adventure', 'Fantasy', 'Comedy']",150905815,2.3216279230769232,Animation,covid
613504,After We Collided,2020-09-02,2020,105,14000000,47990414,7.16,5421,9.0209,"['Romance', 'Drama']",33990414,2.427886714285714,Romance,covid
495764,Birds of Prey (and the Fantabulous Emancipation of One Harley Quinn),2020-02-05,2020,109,75000000,205537933,6.89,10607,8.7812,"['Action', 'Crime']",130537933,1.7405057733333333,Action,covid
443791,Underwater,2020-01-08,2020,95,50000000,40882928,6.282,3316,8.5552,"['Horror', 'Science Fiction', 'Action', 'Adventure']",-9117072,-0.18234144,Horror,covid
524047,Greenland,2020-07-29,2020,120,34000000,52300000,7.124,4843,8.5184,"['Action', 'Adventure', 'Thriller', 'Science Fiction']",18300000,0.538235294117647,Action,covid
529485,The Way Back,2020-03-05,2020,108,23000000,14590514,6.641,1285,8.2478,['Drama'],-8409486,-0.36562982608695654,Drama,covid
606149,Captain Sabertooth and the Magical Diamond,2020-02-13,2020,81,4500000,3404229,7.1,46,7.878,"['Animation', 'Family']",-1095771,-0.24350466666666667,Animation,covid
577922,Tenet,2020-08-22,2020,150,205000000,365304105,7.177,10659,7.8598,"['Action', 'Thriller', 'Science Fiction']",160304105,0.781971243902439,Action,covid
637202,Fate/Grand Order: Divine Realm of the Round Table - Camelot Wandering; Agateram,2020-12-05,2020,90,2000000,3607899,7.104,72,7.7755,"['Animation', 'Action', 'Adventure', 'History', 'Drama', 'Fantasy']",1607899,0.8039495,Animation,covid
38700,Bad Boys for Life,2020-01-15,2020,124,90000000,426505244,7.126,8563,7.527,"['Thriller', 'Action', 'Crime']",336505244,3.7389471555555556,Thriller,covid
723072,Host,2020-12-04,2020,56,100000,443807,6.467,1047,6.9942,['Horror'],343807,3.43807,Horror,covid
663870,Riders of Justice,2020-11-19,2020,116,5300000,679505,7.272,990,6.9643,"['Action', 'Comedy', 'Drama', 'Thriller']",-4620495,-0.8717915094339622,Action,covid
614696,#Alive,2020-06-24,2020,98,6300000,13416285,7.221,1963,6.7571,"['Action', 'Horror', 'Science Fiction']",7116285,1.1295690476190476,Action,covid
514207,Invasion,2020-02-27,2020,129,8819200,32104054,6.861,844,6.712,"['Science Fiction', 'Drama', 'Action']",23284854,2.6402456005079826,Science Fiction,covid
448119,Dolittle,2020-01-02,2020,101,175000000,251410631,6.589,3778,6.5366,"['Family', 'Comedy', 'Fantasy', 'Adventure']",76410631,0.4366321771428571,Family,covid
481848,The Call of the Wild,2020-02-19,2020,100,109000000,111200000,7.5,3870,6.5246,"['Adventure', 'Family', 'Drama']",2200000,0.02018348623853211,Adventure,covid
514847,The Hunt,2020-03-11,2020,90,14000000,10550350,6.628,3486,6.4301,"['Action', 'Thriller', 'Horror']",-3449650,-0.24640357142857142,Action,covid
523371,Inmate Zero,2020-02-28,2020,106,141129,695501,6.367,124,6.4018,['Horror'],554372,3.9281224978565707,Horror,covid
580175,Another Round,2020-09-24,2020,117,5150000,21700000,7.636,3590,6.3263,"['Comedy', 'Drama']",16550000,3.2135922330097086,Comedy,covid
508935,The Eight Hundred,2020-08-14,2020,147,80000000,461421559,7.0,305,6.2793,"['War', 'History', 'Drama', 'Action']",381421559,4.7677694875,War,covid
430155,Coma,2020-01-01,2020,110,2250000,9500000,6.426,598,6.2271,"['Science Fiction', 'Adventure', 'Action']",7250000,3.2222222222222223,Science Fiction,covid
546121,Run,2020-11-20,2020,90,1700000,5184368,7.233,2769,6.1985,"['Thriller', 'Horror', 'Drama']",3484368,2.0496282352941178,Thriller,covid
508439,Onward,2020-02-29,2020,102,200000000,141888276,7.65,6422,6.1965,"['Family', 'Comedy', 'Adventure', 'Animation', 'Fantasy']",-58111724,-0.29055862,Family,covid
523781,Words on Bathroom Walls,2020-08-21,2020,111,8000000,3151849,7.7,644,6.1349,"['Drama', 'Romance']",-4848151,-0.606018875,Drama,covid
596161,Let Him Go,2020-11-05,2020,114,21000000,7997460,6.822,738,6.1044,"['Thriller', 'Crime', 'Western']",-13002540,-0.6191685714285714,Thriller,covid
785663,Old Henry,2021-10-01,2021,99,1500000,77463,7.285,643,57.7373,"['Western', 'Action', 'Drama']",-1422537,-0.948358,Western,covid
634649,Spider-Man: No Way Home,2021-12-15,2021,148,200000000,1921847111,7.937,21349,32.5397,"['Action', 'Adventure', 'Science Fiction']",1721847111,8.609235555,Action,covid
436969,The Suicide Squad,2021-07-28,2021,132,185000000,168717425,7.478,9262,25.5189,"['Action', 'Comedy', 'Adventure']",-16282575,-0.08801391891891892,Action,covid
624860,The Matrix Resurrections,2021-12-16,2021,147,190000000,156497322,6.357,6208,19.7753,"['Science Fiction', 'Action', 'Adventure']",-33502678,-0.1763298842105263,Science Fiction,covid
425909,Ghostbusters: Afterlife,2021-11-18,2021,124,75000000,204445747,7.334,4960,17.4794,"['Fantasy', 'Comedy', 'Adventure', 'Science Fiction']",129445747,1.7259432933333334,Fantasy,covid
438631,Dune,2021-09-15,2021,155,165000000,407573628,7.8,14195,17.3631,"['Science Fiction', 'Adventure']",242573628,1.4701432,Science Fiction,covid
568124,Encanto,2021-10-13,2021,102,150000000,261292688,7.577,9955,17.1248,"['Animation', 'Comedy', 'Family', 'Fantasy']",111292688,0.7419512533333333,Animation,covid
583406,Judas and the Black Messiah,2021-02-12,2021,126,26000000,6416063,7.311,1637,13.6113,"['Drama', 'History']",-19583937,-0.7532283461538462,Drama,covid
588228,The Tomorrow War,2021-09-03,2021,138,200000000,14400000,7.487,3898,13.5294,"['Action', 'Science Fiction', 'Adventure']",-185600000,-0.928,Action,covid
566525,Shang-Chi and the Legend of the Ten Rings,2021-09-01,2021,132,150000000,432243292,7.504,10066,13.0342,"['Action', 'Adventure', 'Fantasy']",282243292,1.8816219466666666,Action,covid
637649,Wrath of Man,2021-04-22,2021,119,40000000,103966489,7.589,5842,12.8896,"['Thriller', 'Crime', 'Drama']",63966489,1.599162225,Thriller,covid
615457,Nobody,2021-03-18,2021,91,16000000,57512470,7.899,7928,12.26,"['Action', 'Thriller']",41512470,2.594529375,Action,covid
476669,The King's Man,2021-12-22,2021,131,100000000,125897478,6.727,4879,12.1503,"['Action', 'Adventure', 'Thriller']",25897478,0.25897478,Action,covid
513310,Boss Level,2021-02-19,2021,101,45000000,2000000,6.864,1800,12.027,"['Action', 'Science Fiction', 'Thriller']",-43000000,-0.9555555555555556,Action,covid
630004,The Vault,2021-03-04,2021,114,15000000,8804000,6.815,1033,11.8988,"['Drama', 'Action', 'Thriller']",-6196000,-0.4130666666666667,Drama,covid
744275,After We Fell,2021-09-01,2021,99,14000000,21753705,7.017,2693,11.2964,"['Romance', 'Drama']",7753705,0.5538360714285714,Romance,covid
337404,Cruella,2021-05-26,2021,134,200000000,233503234,7.982,9813,10.8761,"['Comedy', 'Crime', 'Adventure']",33503234,0.16751617,Comedy,covid
580489,Venom: Let There Be Carnage,2021-09-30,2021,97,110000000,506863592,6.759,10898,10.5164,"['Science Fiction', 'Action', 'Adventure']",396863592,3.6078508363636366,Science Fiction,covid
423108,The Conjuring: The Devil Made Me Do It,2021-05-25,2021,111,39000000,206444123,7.375,6357,10.3066,"['Horror', 'Mystery', 'Thriller']",167444123,4.293439051282052,Horror,covid
370172,No Time to Die,2021-09-29,2021,163,250000000,774153024,7.4,6793,10.2382,"['Action', 'Thriller', 'Adventure']",524153024,2.096612096,Action,covid
550988,Free Guy,2021-08-11,2021,115,110000000,331526598,7.464,9435,10.1553,"['Comedy', 'Adventure', 'Science Fiction']",221526598,2.0138781636363636,Comedy,covid
522478,Peter Rabbit 2: The Runaway,2021-03-25,2021,93,45000000,153000000,7.059,862,9.7497,"['Family', 'Comedy', 'Adventure', 'Animation']",108000000,2.4,Family,covid
283566,Evangelion: 3.0+1.0 Thrice Upon a Time,2021-03-08,2021,155,29700000,93882453,8.2,892,9.6836,"['Animation', 'Action', 'Science Fiction', 'Drama']",64182453,2.1610253535353534,Animation,covid
508943,Luca,2021-06-17,2021,95,200000000,51074773,7.79,8750,9.3766,"['Animation', 'Comedy', 'Fantasy', 'Adventure', 'Family']",-148925227,-0.744626135,Animation,covid
497698,Black Widow,2021-07-07,2021,134,200000000,379751131,7.187,10890,9.3294,"['Action', 'Adventure', 'Science Fiction']",179751131,0.898755655,Action,covid
660120,The Worst Person in the World,2021-10-13,2021,128,5000000,12687507,7.4,1666,9.2886,"['Drama', 'Romance', 'Comedy']",7687507,1.5375014,Drama,covid
451048,Jungle Cruise,2021-07-28,2021,127,200000000,220889446,7.317,5991,9.0618,"['Fantasy', 'Adventure', 'Family', 'Action', 'Comedy']",20889446,0.10444723,Fantasy,covid
524434,Eternals,2021-11-03,2021,156,200000000,402064899,6.789,8858,8.8978,"['Science Fiction', 'Action', 'Adventure']",202064899,1.010324495,Science Fiction,covid
568620,Snake Eyes: G.I. Joe Origins,2021-07-22,2021,121,88000000,36964325,6.464,1659,8.865,"['Action', 'Adventure']",-51035675,-0.5799508522727272,Action,covid
438695,Sing 2,2021-12-01,2021,110,85000000,408402685,7.836,4665,8.851,"['Family', 'Comedy', 'Music', 'Animation']",323402685,3.8047374705882353,Family,covid
646380,Don't Look Up,2021-12-08,2021,138,75000000,791863,7.067,8946,8.7361,"['Comedy', 'Science Fiction']",-74208137,-0.9894418266666667,Comedy,covid
592695,Pleasure,2021-10-08,2021,108,1800000,393824,6.275,739,8.1891,['Drama'],-1406176,-0.7812088888888888,Drama,covid
512195,Red Notice,2021-11-04,2021,118,160000000,178143,6.751,6200,8.1829,"['Action', 'Comedy', 'Crime']",-159821857,-0.99888660625,Action,covid
764686,The Divide,2021-10-27,2021,98,5000000,2178083,6.6,173,8.133,['Drama'],-2821917,-0.5643834,Drama,covid
459151,The Boss Baby: Family Business,2021-07-01,2021,107,82000000,146745280,7.341,2643,8.0426,"['Animation', 'Comedy', 'Adventure', 'Family']",64745280,0.7895765853658536,Animation,covid
385128,F9,2021-05-19,2021,143,200000000,726229501,7.026,7531,7.4613,"['Action', 'Adventure', 'Crime']",526229501,2.631147505,Action,covid
616651,Stillwater,2021-07-29,2021,139,20000000,19754272,6.6,1346,7.3577,"['Drama', 'Crime', 'Thriller']",-245728,-0.0122864,Drama,covid
585245,Clifford the Big Red Dog,2021-11-10,2021,96,64000000,107347356,7.162,1786,7.2806,"['Family', 'Adventure', 'Comedy', 'Fantasy']",43347356,0.6773024375,Family,covid
602734,Spiral: From the Book of Saw,2021-05-12,2021,93,20000000,40618920,5.9,2189,7.2508,"['Horror', 'Mystery']",20618920,1.030946,Horror,covid
524369,The Many Saints of Newark,2021-09-22,2021,120,50000000,13037403,6.312,718,7.1541,"['Crime', 'Drama']",-36962597,-0.73925194,Crime,covid
602223,The Forever Purge,2021-06-30,2021,103,18000000,76994245,6.891,2611,7.1393,"['Action', 'Horror', 'Thriller']",58994245,3.2774580555555555,Action,covid
399566,Godzilla vs. Kong,2021-03-24,2021,114,200000000,470116094,7.555,10398,7.0414,"['Action', 'Science Fiction', 'Adventure']",270116094,1.35058047,Action,covid
644495,House of Gucci,2021-11-24,2021,158,75000000,153235995,6.573,3317,6.7846,"['Drama', 'Crime', 'History']",78235995,1.0431466,Drama,covid
527774,Raya and the Last Dragon,2021-03-03,2021,107,100000000,130423032,7.814,7110,6.6568,"['Animation', 'Family', 'Fantasy', 'Action', 'Adventure']",30423032,0.30423032,Animation,covid
482373,Don't Breathe 2,2021-08-12,2021,98,15000000,53785551,7.019,2733,6.6567,"['Thriller', 'Horror']",38785551,2.5857034,Thriller,covid
520763,A Quiet Place Part II,2021-05-21,2021,96,55000000,297372261,7.448,7097,6.6515,"['Science Fiction', 'Thriller', 'Horror']",242372261,4.406768381818182,Science Fiction,covid
693113,Midnight in the Switchgrass,2021-07-23,2021,99,15000000,229811,5.823,466,6.5545,"['Crime', 'Mystery', 'Thriller', 'Action']",-14770189,-0.9846792666666667,Crime,covid
76600,Avatar: The Way of Water,2022-12-14,2022,192,350000000,2353096253,7.609,13158,56.1399,"['Action', 'Adventure', 'Science Fiction']",2003096253,5.723132151428572,Action,post_covid
661374,Glass Onion: A Knives Out Mystery,2022-11-23,2022,140,40000000,15000000,7.038,6262,34.0028,"['Comedy', 'Crime', 'Mystery']",-25000000,-0.625,Comedy,post_covid
840326,Sisu,2022-09-09,2022,91,6600000,14281199,7.4,2543,22.5255,"['Action', 'War']",7681199,1.1638180303030303,Action,post_covid
361743,Top Gun: Maverick,2022-05-21,2022,131,170000000,1488732821,8.16,10407,20.2923,"['Action', 'Drama']",1318732821,7.757251888235294,Action,post_covid
414906,The Batman,2022-03-01,2022,177,185000000,772319315,7.659,11425,20.2249,"['Crime', 'Mystery', 'Thriller']",587319315,3.174699,Crime,post_covid
505642,Black Panther: Wakanda Forever,2022-11-09,2022,162,250000000,859102154,7.022,7140,17.6722,"['Action', 'Adventure', 'Science Fiction']",609102154,2.436408616,Action,post_covid
315162,Puss in Boots: The Last Wish,2022-12-07,2022,103,90000000,484700000,8.208,8521,15.8192,"['Animation', 'Adventure', 'Fantasy', 'Comedy', 'Family']",394700000,4.385555555555555,Animation,post_covid
629542,The Bad Guys,2022-03-17,2022,100,80000000,250162278,7.531,2399,15.7591,"['Family', 'Comedy', 'Crime', 'Adventure', 'Animation', 'Action']",170162278,2.127028475,Family,post_covid
760104,X,2022-03-17,2022,106,1000000,15113105,6.734,3749,15.1145,"['Horror', 'Thriller']",14113105,14.113105,Horror,post_covid
497828,Triangle of Sadness,2022-09-18,2022,147,15600000,24733572,7.023,2653,14.5168,"['Comedy', 'Drama']",9133572,0.5854853846153846,Comedy,post_covid
646385,Scream,2022-01-12,2022,114,24000000,137743924,6.689,3634,14.4193,"['Horror', 'Mystery']",113743924,4.739330166666667,Horror,post_covid
756999,The Black Phone,2022-06-16,2022,103,16000000,161441914,7.545,5551,14.1695,"['Horror', 'Thriller']",145441914,9.090119625,Horror,post_covid
616037,Thor: Love and Thunder,2022-07-06,2022,119,250000000,760900000,6.389,8244,14.0465,"['Fantasy', 'Action', 'Comedy']",510900000,2.0436,Fantasy,post_covid
536554,M3GAN,2022-12-28,2022,102,12000000,181796517,7.048,4579,12.1665,"['Science Fiction', 'Horror']",169796517,14.14970975,Science Fiction,post_covid
545611,Everything Everywhere All at Once,2022-03-24,2022,140,25000000,139200000,7.728,7484,12.014,"['Action', 'Adventure', 'Science Fiction']",114200000,4.568,Action,post_covid
820446,Downton Abbey: A New Era,2022-04-27,2022,124,40000000,92651384,7.21,575,11.5352,"['Drama', 'Romance']",52651384,1.3162846,Drama,post_covid
453395,Doctor Strange in the Multiverse of Madness,2022-05-04,2022,126,290000000,955775804,7.236,9923,11.5083,"['Fantasy', 'Action', 'Adventure']",665775804,2.2957786344827587,Fantasy,post_covid
937278,A Man Called Otto,2022-12-28,2022,126,50000000,108961677,7.76,3351,11.1826,"['Comedy', 'Drama']",58961677,1.17923354,Comedy,post_covid
579974,RRR,2022-03-24,2022,185,69000000,160000000,7.746,1485,10.9586,"['Action', 'Adventure', 'Drama']",91000000,1.318840579710145,Action,post_covid
718930,Bullet Train,2022-08-03,2022,126,90000000,239300000,7.419,7095,10.8764,"['Action', 'Comedy', 'Thriller']",149300000,1.6588888888888889,Action,post_covid
804095,The Fabelmans,2022-11-11,2022,151,40000000,45629909,7.576,2608,10.8751,['Drama'],5629909,0.140747725,Drama,post_covid
949423,Pearl,2022-09-16,2022,102,1000000,10139416,7.244,2403,10.8685,"['Horror', 'Thriller']",9139416,9.139416,Horror,post_covid
615777,Babylon,2022-12-22,2022,189,78000000,65267446,7.368,3559,10.3157,"['Drama', 'Comedy']",-12732554,-0.16323787179487179,Drama,post_covid
507086,Jurassic World Dominion,2022-06-01,2022,147,583900000,1004004592,6.63,6759,9.9675,"['Adventure', 'Action', 'Science Fiction']",420104592,0.7194803767768454,Adventure,post_covid
505026,Death on the Nile,2022-02-09,2022,127,90000000,137307235,6.423,3994,9.5401,"['Mystery', 'Crime', 'Thriller']",47307235,0.5256359444444444,Mystery,post_covid
520023,Bodies Bodies Bodies,2022-08-05,2022,94,3000000,13900000,6.172,1360,9.3275,"['Horror', 'Comedy', 'Mystery']",10900000,3.6333333333333333,Horror,post_covid
899112,Violent Night,2022-11-30,2022,111,20000000,75734910,7.24,2406,9.0122,"['Action', 'Comedy', 'Fantasy']",55734910,2.7867455,Action,post_covid
725201,The Gray Man,2022-07-13,2022,129,200000000,454023,6.922,4018,8.9464,"['Action', 'Thriller']",-199545977,-0.997729885,Action,post_covid
338953,Fantastic Beasts: The Secrets of Dumbledore,2022-04-06,2022,142,200000000,407200000,6.633,4909,8.931,"['Fantasy', 'Adventure']",207200000,1.036,Fantasy,post_covid
601796,Alienoid,2022-07-20,2022,142,24500000,12109608,6.795,498,8.2745,"['Science Fiction', 'Action', 'Fantasy', 'Adventure']",-12390392,-0.5057302857142857,Science Fiction,post_covid
675353,Sonic the Hedgehog 2,2022-03-30,2022,123,110000000,405421518,7.446,5710,8.2718,"['Action', 'Adventure', 'Family', 'Comedy']",295421518,2.6856501636363634,Action,post_covid
985939,Fall,2022-08-11,2022,107,3000000,17363261,7.12,4338,8.2331,['Thriller'],14363261,4.787753666666666,Thriller,post_covid
698508,Redeeming Love,2022-01-21,2022,134,30000000,9464198,7.846,672,8.1869,"['Romance', 'Drama', 'Western']",-20535802,-0.6845267333333334,Romance,post_covid
966220,Sniper: The White Raven,2022-05-03,2022,120,1000000,881,7.6,842,8.1729,"['War', 'Action', 'Drama']",-999119,-0.999119,War,post_covid
718789,Lightyear,2022-06-15,2022,105,200000000,226425420,6.891,3676,8.1327,"['Animation', 'Science Fiction', 'Family', 'Adventure']",26425420,0.1321271,Animation,post_covid
366672,Paws of Fury: The Legend of Hank,2022-07-14,2022,94,45000000,42500000,6.661,320,8.0864,"['Animation', 'Adventure', 'Comedy', 'Family']",-2500000,-0.05555555555555555,Animation,post_covid
818110,The Magic Flute,2022-09-30,2022,125,6500000,492000,6.442,121,7.9941,"['Adventure', 'Fantasy', 'Music', 'Family']",-6008000,-0.9243076923076923,Adventure,post_covid
438148,Minions: The Rise of Gru,2022-06-29,2022,87,85000000,940203765,7.282,3874,7.8714,"['Family', 'Comedy', 'Adventure', 'Animation', 'Science Fiction', 'Fantasy']",855203765,10.061220764705883,Family,post_covid
436270,Black Adam,2022-10-19,2022,125,200000000,393452111,6.831,6795,7.8554,"['Action', 'Adventure', 'Science Fiction']",193452111,0.967260555,Action,post_covid
799379,Project Wolf Hunting,2022-09-21,2022,122,9000000,20541,6.409,416,7.7613,"['Action', 'Thriller', 'Horror', 'Crime']",-8979459,-0.9977176666666666,Action,post_covid
335787,Uncharted,2022-02-10,2022,116,120000000,407141258,6.884,6520,7.5962,"['Action', 'Adventure']",287141258,2.392843816666667,Action,post_covid
522016,The 355,2022-01-05,2022,122,75000000,55700000,6.042,1083,7.4844,"['Action', 'Adventure', 'Thriller']",-19300000,-0.25733333333333336,Action,post_covid
526896,Morbius,2022-03-30,2022,105,75000000,167635712,5.935,4656,7.3137,"['Action', 'Science Fiction', 'Fantasy']",92635712,1.2351428266666666,Action,post_covid
882598,Smile,2022-09-23,2022,115,17000000,217408513,6.671,3834,7.1678,"['Horror', 'Mystery']",200408513,11.78873605882353,Horror,post_covid
639933,The Northman,2022-04-07,2022,137,70000000,69633110,7.036,4802,7.046,"['Action', 'Adventure', 'Fantasy']",-366890,-0.005241285714285714,Action,post_covid
585083,Hotel Transylvania: Transformania,2022-01-31,2022,92,75000000,18500000,7.047,2945,6.9515,"['Animation', 'Comedy', 'Family', 'Adventure', 'Fantasy']",-56500000,-0.7533333333333333,Animation,post_covid
507089,Five Nights at Freddy's,2023-10-25,2023,110,20000000,297242145,7.371,4723,59.6653,"['Horror', 'Thriller']",277242145,13.86210725,Horror,post_covid
502356,The Super Mario Bros. Movie,2023-04-05,2023,93,100000000,1362000000,7.602,10122,37.1766,"['Family', 'Comedy', 'Adventure', 'Animation', 'Fantasy']",1262000000,12.62,Family,post_covid
346698,Barbie,2023-07-19,2023,114,145000000,1447138421,6.941,10536,32.6952,"['Comedy', 'Adventure']",1302138421,8.980264972413794,Comedy,post_covid
569094,Spider-Man: Across the Spider-Verse,2023-05-31,2023,140,100000000,690897910,8.338,8084,30.9658,"['Animation', 'Action', 'Adventure', 'Science Fiction']",590897910,5.9089791,Animation,post_covid
385687,Fast X,2023-05-17,2023,142,340000000,704709660,7.013,6126,28.4846,"['Action', 'Crime', 'Thriller']",364709660,1.0726754705882353,Action,post_covid
872585,Oppenheimer,2023-07-19,2023,181,100000000,952000000,8.043,11049,25.8738,"['Drama', 'History']",852000000,8.52,Drama,post_covid
882569,Guy Ritchie's The Covenant,2023-04-19,2023,123,55000000,21948551,7.728,2974,24.7699,"['War', 'Action', 'Thriller']",-33051449,-0.6009354363636363,War,post_covid
976573,Elemental,2023-06-14,2023,102,200000000,496444308,7.591,5060,24.4305,"['Family', 'Fantasy', 'Comedy', 'Romance', 'Animation']",296444308,1.48222154,Family,post_covid
940551,Migration,2023-12-06,2023,83,72000000,298776052,7.373,2142,22.0843,"['Family', 'Comedy', 'Adventure', 'Animation']",226776052,3.149667388888889,Family,post_covid
575264,Mission: Impossible - Dead Reckoning Part One,2023-07-08,2023,164,291000000,571125435,7.516,4762,20.7627,"['Action', 'Thriller']",280125435,0.9626303608247423,Action,post_covid
594767,Shazam! Fury of the Gods,2023-03-15,2023,130,110000000,134221819,6.447,3495,20.5204,"['Comedy', 'Action', 'Fantasy']",24221819,0.22019835454545456,Comedy,post_covid
792307,Poor Things,2023-12-07,2023,141,35000000,117607117,7.7,5137,16.0662,"['Science Fiction', 'Romance', 'Comedy']",82607117,2.360203342857143,Science Fiction,post_covid
603692,John Wick: Chapter 4,2023-03-22,2023,170,100000000,440157245,7.717,7523,16.0585,"['Action', 'Thriller', 'Crime']",340157245,3.40157245,Action,post_covid
968051,The Nun II,2023-09-06,2023,110,38500000,269670590,6.664,2367,15.6914,['Horror'],231170590,6.004430909090909,Horror,post_covid
565770,Blue Beetle,2023-08-16,2023,128,104000000,130788072,6.653,2970,14.1044,"['Action', 'Science Fiction', 'Adventure']",26788072,0.2575776153846154,Action,post_covid
884605,No Hard Feelings,2023-06-15,2023,104,45000000,83000000,6.695,3597,13.7025,"['Comedy', 'Romance']",38000000,0.8444444444444444,Comedy,post_covid
299054,Expend4bles,2023-09-15,2023,103,100000000,37917985,6.086,1780,12.5918,"['Action', 'Adventure', 'Thriller']",-62082015,-0.62082015,Action,post_covid
467244,The Zone of Interest,2023-12-15,2023,105,15000000,52631884,7.0,2382,12.192,"['Drama', 'History', 'War']",37631884,2.5087922666666667,Drama,post_covid
447365,Guardians of the Galaxy Vol. 3,2023-05-03,2023,150,250000000,845550000,7.932,7828,12.1256,"['Science Fiction', 'Adventure', 'Action']",595550000,2.3822,Science Fiction,post_covid
739405,Operation Fortune: Ruse de Guerre,2023-01-04,2023,113,50000000,48983306,6.47,1785,12.0808,"['Action', 'Comedy', 'Thriller']",-1016694,-0.02033388,Action,post_covid
1068452,Hi Nanna,2023-12-07,2023,155,7819000,9184966,8.0,57,12.0462,"['Drama', 'Family', 'Romance']",1365966,0.17469829901521933,Drama,post_covid
508883,The Boy and the Heron,2023-07-14,2023,124,50000000,294200000,7.414,2412,11.8839,"['Animation', 'Adventure', 'Fantasy', 'Family', 'Drama']",244200000,4.884,Animation,post_covid
298618,The Flash,2023-06-13,2023,144,220000000,271333313,6.623,4789,11.8008,"['Action', 'Science Fiction', 'Adventure']",51333313,0.2333332409090909,Action,post_covid
807172,The Exorcist: Believer,2023-10-04,2023,111,30000000,136284218,5.827,1204,11.1907,"['Horror', 'Thriller']",106284218,3.542807266666667,Horror,post_covid
713704,Evil Dead Rise,2023-04-12,2023,96,15000000,147156372,6.919,3455,10.9124,"['Horror', 'Thriller']",132156372,8.8104248,Horror,post_covid
667538,Transformers: Rise of the Beasts,2023-06-06,2023,127,195000000,441381193,7.195,5103,10.9097,"['Science Fiction', 'Adventure', 'Action']",246381193,1.2634932974358974,Science Fiction,post_covid
609681,The Marvels,2023-11-08,2023,105,274800000,206136825,5.958,3178,10.7049,"['Science Fiction', 'Adventure', 'Action']",-68663175,-0.24986599344978166,Science Fiction,post_covid
976893,Perfect Days,2023-11-10,2023,124,14000000,24094016,7.8,1690,10.4294,['Drama'],10094016,0.7210011428571429,Drama,post_covid
335977,Indiana Jones and the Dial of Destiny,2023-06-25,2023,155,294700000,383963057,6.527,3892,10.33,"['Adventure', 'Action']",89263057,0.30289466236851037,Adventure,post_covid
635910,The Last Voyage of the Demeter,2023-08-09,2023,119,45000000,21600000,6.757,1834,10.1592,"['Horror', 'Fantasy']",-23400000,-0.52,Horror,post_covid
787699,Wonka,2023-12-06,2023,117,125000000,634502312,7.05,4143,10.1501,"['Comedy', 'Family', 'Fantasy']",509502312,4.076018496,Comedy,post_covid
447277,The Little Mermaid,2023-05-18,2023,135,297000000,569626289,6.288,3200,9.9615,"['Adventure', 'Family', 'Fantasy', 'Romance']",272626289,0.917933632996633,Adventure,post_covid
901362,Trolls Band Together,2023-10-12,2023,91,95000000,209646030,7.255,946,9.9036,"['Animation', 'Family', 'Music', 'Fantasy', 'Comedy']",114646030,1.2068003157894738,Animation,post_covid
496450,"Miraculous: Ladybug & Cat Noir, The Movie",2023-07-05,2023,100,86000000,40208268,7.6,931,9.854,"['Animation', 'Fantasy', 'Action', 'Romance', 'Family']",-45791732,-0.532462,Animation,post_covid
940721,Godzilla Minus One,2023-11-03,2023,124,15000000,113676322,7.6,2908,9.5402,"['Science Fiction', 'Horror', 'Action']",98676322,6.578421466666667,Science Fiction,post_covid
572802,Aquaman and the Lost Kingdom,2023-12-20,2023,124,205000000,440181226,6.564,3297,9.4183,"['Action', 'Adventure', 'Fantasy']",235181226,1.1472254926829268,Action,post_covid
840430,The Holdovers,2023-10-27,2023,133,13000000,42513270,7.66,2247,9.4054,"['Comedy', 'Drama']",29513270,2.2702515384615385,Comedy,post_covid
930564,Saltburn,2023-11-16,2023,131,20000000,21013738,6.965,2730,9.3549,"['Drama', 'Comedy', 'Thriller']",1013738,0.0506869,Drama,post_covid
926393,The Equalizer 3,2023-08-30,2023,109,70000000,191067560,7.295,3494,9.3507,"['Action', 'Thriller', 'Crime']",121067560,1.7295365714285715,Action,post_covid
455476,Knights of the Zodiac,2023-04-27,2023,113,60000000,7000000,6.311,1249,9.1779,"['Fantasy', 'Action', 'Adventure', 'Science Fiction']",-53000000,-0.8833333333333333,Fantasy,post_covid
614930,Teenage Mutant Ninja Turtles: Mutant Mayhem,2023-07-31,2023,100,75000000,180513586,7.213,1499,9.161,"['Animation', 'Comedy', 'Action', 'Science Fiction']",105513586,1.4068478133333333,Animation,post_covid
820525,After Everything,2023-09-13,2023,93,14000000,10644463,6.888,967,9.1413,"['Romance', 'Drama']",-3355537,-0.2396812142857143,Romance,post_covid
989596,The Braid,2023-11-29,2023,121,8500000,9235757,7.415,248,9.0425,"['Drama', 'Comedy']",735757,0.08655964705882353,Drama,post_covid
643215,Asterix & Obelix: The Middle Kingdom,2023-02-01,2023,111,72000000,46497678,4.841,1123,8.8326,"['Family', 'Comedy', 'Adventure']",-25502322,-0.35419891666666664,Family,post_covid
796185,The Three Musketeers: D'Artagnan,2023-04-05,2023,121,27500000,31843086,6.93,1335,8.7215,"['Adventure', 'Action', 'Drama', 'History']",4343086,0.1579304,Adventure,post_covid
695721,The Hunger Games: The Ballad of Songbirds & Snakes,2023-11-15,2023,157,100000000,337371917,7.001,3293,8.7215,"['Science Fiction', 'Action']",237371917,2.37371917,Science Fiction,post_covid
666277,Past Lives,2023-06-02,2023,106,12000000,28126646,7.712,2108,8.6223,"['Drama', 'Romance']",16126646,1.3438871666666667,Drama,post_covid
1008042,Talk to Me,2023-07-26,2023,95,4500000,91959188,7.144,3514,8.6142,['Horror'],87459188,19.43537511111111,Horror,post_covid
1071215,Thanksgiving,2023-11-16,2023,106,15000000,46553280,6.49,1476,8.5799,"['Horror', 'Mystery']",31553280,2.103552,Horror,post_covid
615656,Meg 2: The Trench,2023-08-02,2023,116,129000000,384056482,6.404,3798,8.5543,"['Action', 'Science Fiction', 'Horror']",255056482,1.977182031007752,Action,post_covid
906126,Society of the Snow,2023-12-15,2023,143,65500000,1281,7.981,3329,8.4017,"['Drama', 'History']",-65498719,-0.9999804427480916,Drama,post_covid
934433,Scream VI,2023-03-08,2023,123,35000000,168961389,6.971,2957,8.3301,"['Horror', 'Crime', 'Thriller']",133961389,3.8274682571428573,Horror,post_covid
980489,Gran Turismo,2023-08-09,2023,135,60000000,121700000,7.734,3196,8.1845,"['Adventure', 'Action', 'Drama']",61700000,1.0283333333333333,Adventure,post_covid
1072790,Anyone But You,2023-12-21,2023,103,25000000,214891370,6.832,2821,8.1583,"['Romance', 'Comedy']",189891370,7.5956548,Romance,post_covid
897087,Freelance,2023-10-05,2023,108,40000000,9112817,6.402,1098,8.1535,"['Action', 'Comedy']",-30887183,-0.772179575,Action,post_covid
466420,Killers of the Flower Moon,2023-10-18,2023,206,200000000,158722599,7.4,3868,7.8682,"['Crime', 'History', 'Drama']",-41277401,-0.206387005,Crime,post_covid
753342,Napoleon,2023-11-22,2023,158,165000000,220597098,6.316,2923,7.8493,"['History', 'War', 'Romance']",55597098,0.3369521090909091,History,post_covid
804150,Cocaine Bear,2023-02-22,2023,95,32500000,88314672,6.017,2305,7.7677,"['Thriller', 'Comedy', 'Crime']",55814672,1.717374523076923,Thriller,post_covid
493529,Dungeons & Dragons: Honor Among Thieves,2023-03-23,2023,134,151000000,208200000,7.333,4269,7.7313,"['Adventure', 'Fantasy', 'Comedy']",57200000,0.37880794701986753,Adventure,post_covid
1166133,Bramayugam,2024-02-15,2024,139,3300000,10000000,7.569,65,46.9767,"['Horror', 'Thriller', 'Drama']",6700000,2.0303030303030303,Horror,post_covid
1022789,Inside Out 2,2024-06-11,2024,97,200000000,1698863816,7.548,6305,38.0609,"['Animation', 'Adventure', 'Comedy', 'Family']",1498863816,7.49431908,Animation,post_covid
1128650,The Prosecutor,2024-12-08,2024,117,38500000,128093757,6.8,159,32.2036,"['Action', 'Drama', 'Crime', 'Thriller']",89593757,2.3271105714285714,Action,post_covid
845781,Red One,2024-10-31,2024,124,250000000,185700759,7.029,2789,35.7923,"['Action', 'Comedy', 'Fantasy']",-64299241,-0.257196964,Action,post_covid
533535,Deadpool & Wolverine,2024-07-24,2024,128,200000000,1338073645,7.6,8014,32.1433,"['Action', 'Comedy', 'Science Fiction']",1138073645,5.690368225,Action,post_covid
1241982,Moana 2,2024-11-21,2024,100,150000000,1059242164,7.018,2824,33.983,"['Family', 'Comedy', 'Adventure', 'Animation', 'Fantasy']",909242164,6.061614426666667,Family,post_covid
402431,Wicked,2024-11-20,2024,162,150000000,758737211,6.929,2691,29.6852,"['Drama', 'Romance', 'Fantasy']",608737211,4.058248073333333,Drama,post_covid
786892,Furiosa: A Mad Max Saga,2024-05-22,2024,149,168000000,174287546,7.46,4539,27.2056,"['Action', 'Science Fiction', 'Adventure']",6287546,0.03742586904761905,Action,post_covid
1064213,Anora,2024-10-14,2024,139,6000000,56286295,7.047,2791,19.7859,"['Drama', 'Comedy', 'Romance']",50286295,8.381049166666667,Drama,post_covid
939243,Sonic the Hedgehog 3,2024-12-19,2024,110,122000000,492162604,7.644,3051,22.1527,"['Action', 'Science Fiction', 'Comedy', 'Family']",370162604,3.034119704918033,Action,post_covid
693134,Dune: Part Two,2024-02-27,2024,167,190000000,714844358,8.1,7275,31.014,"['Science Fiction', 'Adventure']",524844358,2.7623387263157895,Science Fiction,post_covid
519182,Despicable Me 4,2024-06-20,2024,94,100000000,969597394,7.007,2995,21.2825,"['Family', 'Comedy', 'Animation', 'Science Fiction']",869597394,8.69597394,Family,post_covid
823219,Flow,2024-08-29,2024,85,3700000,17660107,8.1,2489,21.6229,"['Animation', 'Adventure', 'Fantasy', 'Family']",13960107,3.7730018918918917,Animation,post_covid
823464,Godzilla x Kong: The New Empire,2024-03-27,2024,115,150000000,571750016,7.071,4425,29.7964,"['Action', 'Adventure', 'Science Fiction']",421750016,2.811666773333333,Action,post_covid
653346,Kingdom of the Planet of the Apes,2024-05-08,2024,145,160000000,397378150,7.057,4000,21.8199,"['Science Fiction', 'Adventure', 'Action']",237378150,1.4836134375,Science Fiction,post_covid
558449,Gladiator II,2024-11-13,2024,148,310000000,462180717,6.651,4050,24.928,"['Action', 'Adventure', 'Drama']",152180717,0.4909055387096774,Action,post_covid
1186350,Marco,2024-12-20,2024,145,3467000,11559000,6.6,90,19.4115,"['Action', 'Crime', 'Thriller']",8092000,2.3340063455436977,Action,post_covid
912649,Venom: The Last Dance,2024-10-22,2024,109,120000000,478937618,6.7,3895,19.1803,"['Action', 'Science Fiction', 'Adventure']",358937618,2.991146816666667,Action,post_covid
866398,The Beekeeper,2024-01-08,2024,106,35000000,152720535,7.27,3912,18.5754,"['Action', 'Crime', 'Thriller']",117720535,3.3634438571428573,Action,post_covid
762509,Mufasa: The Lion King,2024-12-18,2024,118,200000000,722631756,7.335,2467,16.5017,"['Adventure', 'Family', 'Animation']",522631756,2.61315878,Adventure,post_covid
746036,The Fall Guy,2024-04-24,2024,127,125000000,181073291,6.98,3377,18.8739,"['Action', 'Comedy', 'Romance']",56073291,0.448586328,Action,post_covid
634492,Madame Web,2024-02-14,2024,117,80000000,100498764,5.318,2418,17.4504,"['Action', 'Fantasy']",20498764,0.25623455,Action,post_covid
1184918,The Wild Robot,2024-09-12,2024,102,78000000,331982078,8.317,5557,16.5737,"['Animation', 'Science Fiction', 'Family', 'Adventure', 'Drama']",253982078,3.256180487179487,Animation,post_covid
539972,Kraven the Hunter,2024-12-11,2024,127,130000000,62076533,6.5,2126,16.3459,"['Action', 'Adventure', 'Thriller']",-67923467,-0.5224882076923076,Action,post_covid
639720,IF,2024-05-08,2024,104,110000000,190309707,7.0,1488,16.0049,"['Comedy', 'Fantasy', 'Family']",80309707,0.7300882454545454,Comedy,post_covid
861451,Martin,2024-10-11,2024,147,17647000,3247000,4.058,26,15.7518,"['Action', 'Drama', 'Thriller']",-14400000,-0.8160027200090667,Action,post_covid
1226578,Longlegs,2024-07-10,2024,101,10000000,127961936,6.56,2358,15.2463,"['Crime', 'Horror', 'Thriller']",117961936,11.7961936,Crime,post_covid
1011985,Kung Fu Panda 4,2024-03-02,2024,94,80000000,548040835,7.0,3304,14.6438,"['Animation', 'Family', 'Action', 'Comedy', 'Adventure', 'Fantasy']",468040835,5.8505104375,Animation,post_covid
1034541,Terrifier 3,2024-10-09,2024,125,2000000,90322103,6.813,1829,14.6174,"['Horror', 'Thriller']",88322103,44.1610515,Horror,post_covid
573435,Bad Boys: Ride or Die,2024-06-05,2024,115,100000000,404547819,7.3,3138,13.7098,"['Action', 'Comedy', 'Crime', 'Thriller', 'Adventure']",304547819,3.04547819,Action,post_covid
516729,Paddington in Peru,2024-11-08,2024,106,90000000,170116764,6.834,574,13.3919,"['Family', 'Comedy', 'Adventure']",80116764,0.8901862666666667,Family,post_covid
1097549,Babygirl,2024-12-25,2024,115,20000000,60934894,5.712,1027,13.3724,"['Drama', 'Romance']",40934894,2.0467447,Drama,post_covid
870360,The Day the Earth Blew Up: A Looney Tunes Movie,2024-08-01,2024,91,15000000,15076954,7.667,183,13.0817,"['Family', 'Comedy', 'Adventure', 'Animation', 'Science Fiction']",76954,0.005130266666666667,Family,post_covid
811941,Devara: Part 1,2024-09-26,2024,175,31764000,54216867,6.936,204,13.08,"['Action', 'Drama']",22452867,0.7068652247827729,Action,post_covid
848538,Argylle,2024-01-31,2024,139,200000000,96221061,6.018,1621,12.5142,"['Action', 'Adventure', 'Comedy']",-103778939,-0.518894695,Action,post_covid
945961,Alien: Romulus,2024-08-13,2024,119,80000000,350865342,7.2,4142,12.3562,"['Horror', 'Science Fiction']",270865342,3.385816775,Horror,post_covid
549509,The Brutalist,2024-12-20,2024,215,9600000,50145227,6.966,1438,12.0802,"['Drama', 'History']",40545227,4.223461145833333,Drama,post_covid
1160956,Panda Plan,2024-10-01,2024,99,25000000,42238170,6.846,241,11.9437,"['Action', 'Comedy']",17238170,0.6895268,Action,post_covid
748783,The Garfield Movie,2024-04-30,2024,101,60000000,254907482,7.026,1361,11.6567,"['Family', 'Comedy', 'Adventure', 'Animation']",194907482,3.2484580333333333,Family,post_covid
967847,Ghostbusters: Frozen Empire,2024-03-20,2024,115,100000000,201967521,6.5,1987,11.4884,"['Fantasy', 'Adventure', 'Comedy']",101967521,1.01967521,Fantasy,post_covid
957452,The Crow,2024-08-21,2024,111,50000000,24109036,5.8,1174,11.3441,"['Action', 'Fantasy', 'Horror']",-25890964,-0.51781928,Action,post_covid
1084736,The Count of Monte Cristo,2024-06-28,2024,178,46000000,75360860,7.944,1849,11.2574,"['Adventure', 'Action', 'Drama']",29360860,0.6382795652173913,Adventure,post_covid
1032823,Trap,2024-07-31,2024,105,30000000,83677281,6.3,2550,11.1977,"['Crime', 'Thriller']",53677281,1.7892427,Crime,post_covid
839033,The Lord of the Rings: The War of the Rohirrim,2024-12-05,2024,134,30000000,20658572,6.565,742,10.853,"['Animation', 'Fantasy', 'Adventure', 'Action']",-9341428,-0.31138093333333333,Animation,post_covid
975511,The Return,2024-11-28,2024,116,20000000,3300444,6.519,365,10.7169,"['History', 'Drama', 'Adventure']",-16699556,-0.8349778,History,post_covid
426063,Nosferatu,2024-12-25,2024,133,50000000,181764515,6.7,3291,10.6547,"['Horror', 'Fantasy']",131764515,2.6352903,Horror,post_covid
1206617,The Best Christmas Pageant Ever,2024-11-07,2024,99,10000000,40262167,6.8,100,10.3681,"['Comedy', 'Drama', 'Family']",30262167,3.0262167,Comedy,post_covid
763215,Damsel,2024-03-07,2024,107,60000000,5000,6.991,2622,10.3149,"['Fantasy', 'Action', 'Adventure']",-59995000,-0.9999166666666667,Fantasy,post_covid
1138194,Heretic,2024-10-31,2024,111,10000000,51913394,6.973,2331,10.2394,"['Horror', 'Thriller']",41913394,4.1913394,Horror,post_covid
889737,Joker: Folie √† Deux,2024-10-01,2024,138,190000000,207500287,5.409,2699,10.1366,"['Drama', 'Crime', 'Thriller']",17500287,0.09210677368421052,Drama,post_covid
698687,Transformers One,2024-09-11,2024,104,75000000,129408392,8.023,1460,9.8813,"['Animation', 'Science Fiction', 'Adventure', 'Family']",54408392,0.7254452266666667,Animation,post_covid
